LAD19CD,TacticalCell,LAD_int_Proportion of neighbourhoods in 20% most digitally excluded,LAD_int_Percentage of population who are ethnic minority,"LAD_int_Latest COVID-19 cases per 100,000",LAD_int_Fuel Poor Households,LAD_int_Homelessness (rate per 1000),LAD_int_Clinically extremely vulnerable,LAD_int_Unemployed receiving Universal Credit,LAD_int_People receiving Section 95 support,LAD_perc_Proportion of neighbourhoods in 20% most digitally excluded,LAD_perc_Percentage of population who are ethnic minority,"LAD_perc_Latest COVID-19 cases per 100,000",LAD_perc_Fuel Poor Households,LAD_perc_Homelessness (rate per 1000),LAD_perc_Clinically extremely vulnerable,LAD_perc_Unemployed receiving Universal Credit,LAD_perc_People receiving Section 95 support,tc_int_Proportion of neighbourhoods in 20% most digitally excluded,tc_int_Percentage of population who are ethnic minority,"tc_int_Latest COVID-19 cases per 100,000",tc_int_Fuel Poor Households,tc_int_Homelessness (rate per 1000),tc_int_Clinically extremely vulnerable,tc_int_Unemployed receiving Universal Credit,tc_int_People receiving Section 95 support,tc_perc_Proportion of neighbourhoods in 20% most digitally excluded,tc_perc_Percentage of population who are ethnic minority,"tc_perc_Latest COVID-19 cases per 100,000",tc_perc_Fuel Poor Households,tc_perc_Homelessness (rate per 1000),tc_perc_Clinically extremely vulnerable,tc_perc_Unemployed receiving Universal Credit,tc_perc_People receiving Section 95 support
E06000001,North,NA,NA,561.59,4274,1.017,4610,9194,272,0.5833333333333334,2.3,NA,10.1,NA,4.9,9.9,NA,NA,NA,NA,716982,NA,696460,910658,20150,0.22722513089005236,12.6,NA,11,NA,4.6,6,NA
E06000002,North,NA,NA,439.78,7092,0.613,7040,12703,530,0.5263157894736842,17.7,NA,11.9,NA,5,9,NA,NA,NA,NA,716982,NA,696460,910658,20150,0.22722513089005236,12.6,NA,11,NA,4.6,6,NA
E06000003,North,NA,NA,478.31,6385,0.591,6350,8280,111,0.47368421052631576,2.3,NA,10.3,NA,4.6,6.1,NA,NA,NA,NA,716982,NA,696460,910658,20150,0.22722513089005236,12.6,NA,11,NA,4.6,6,NA
E06000004,North,NA,NA,430.2,7474,0.492,9115,11803,640,0.4166666666666667,7.8,NA,9,NA,4.6,6,NA,NA,NA,NA,716982,NA,696460,910658,20150,0.22722513089005236,12.6,NA,11,NA,4.6,6,NA
E06000005,North,NA,NA,352.99,4402,0.281,5265,6258,198,0.3333333333333333,4,NA,9,NA,4.9,5.9,NA,NA,NA,NA,716982,NA,696460,910658,20150,0.22722513089005236,12.6,NA,11,NA,4.6,6,NA
E06000006,North,NA,NA,238.78,6085,0.457,6350,9970,195,0.25,2.7,NA,10.9,NA,4.9,7.8,NA,NA,NA,NA,716982,NA,696460,910658,20150,0.22722513089005236,12.6,NA,11,NA,4.6,6,NA
E06000007,North,NA,NA,259.51,8110,2.057,8290,10425,25,0.08,6.6,NA,9.1,NA,4,5,NA,NA,NA,NA,716982,NA,696460,910658,20150,0.22722513089005236,12.6,NA,11,NA,4.6,6,NA
E06000008,North,NA,NA,509.7,8793,0.789,5630,11650,315,0.16666666666666666,34.3,NA,14.6,NA,3.8,7.8,NA,NA,NA,NA,716982,NA,696460,910658,20150,0.22722513089005236,12.6,NA,11,NA,4.6,6,NA
E06000009,North,NA,NA,287.57,10280,1.092,6800,13578,NA,0,2.4,NA,15.2,NA,4.9,9.7,NA,NA,NA,NA,716982,NA,696460,910658,20150,0.22722513089005236,12.6,NA,11,NA,4.6,6,NA
E06000010,North,NA,NA,736.78,12445,3.809,11520,20083,497,0.5,4.8,NA,10.6,NA,4.4,7.7,NA,NA,NA,NA,716982,NA,696460,910658,20150,0.22722513089005236,12.6,NA,11,NA,4.6,6,NA
E06000011,North,NA,NA,427.94,14027,1.822,14655,11838,NA,0.23255813953488372,1.8,NA,9.4,NA,4.3,3.5,NA,NA,NA,NA,716982,NA,696460,910658,20150,0.22722513089005236,12.6,NA,11,NA,4.6,6,NA
E06000012,Central,NA,NA,495.1,7380,1.464,6620,11142,76,0.5217391304347826,3.2,NA,10.1,NA,4.1,7,NA,NA,NA,NA,615752.5,NA,516055,698460,8802,0.3305084745762712,19.6,NA,11.1,NA,3.8,5.2,NA
E06000013,Central,NA,NA,468.97,7222,1,7030,9072,3,0.08695652173913043,4.8,NA,9.8,NA,4.1,5.3,NA,NA,NA,NA,615752.5,NA,516055,698460,8802,0.3305084745762712,19.6,NA,11.1,NA,3.8,5.2,NA
E06000014,North,NA,NA,171.4,7408,1.076,7620,7080,NA,0.041666666666666664,5.2,NA,8.5,NA,3.6,3.4,NA,NA,NA,NA,716982,NA,696460,910658,20150,0.22722513089005236,12.6,NA,11,NA,4.6,6,NA
E06000015,Central,NA,NA,382.43,12611,4.345,8375,15950,817,0.22580645161290322,19.6,NA,11.6,NA,3.3,6.2,NA,NA,NA,NA,615752.5,NA,516055,698460,8802,0.3305084745762712,19.6,NA,11.1,NA,3.8,5.2,NA
E06000016,Central,NA,NA,494.32,19078,0.827,13450,24043,802,0.35135135135135137,53.3,NA,14.6,NA,3.8,6.8,NA,NA,NA,NA,615752.5,NA,516055,698460,8802,0.3305084745762712,19.6,NA,11.1,NA,3.8,5.2,NA
E06000018,Central,NA,NA,245.72,18666,4.128,10760,21825,849,0.4473684210526316,29.2,NA,13.9,NA,3.3,6.6,NA,NA,NA,NA,615752.5,NA,516055,698460,8802,0.3305084745762712,19.6,NA,11.1,NA,3.8,5.2,NA
E06000017,Central,NA,NA,120.22,1744,1.902,1220,1090,1,0,NA,NA,10.9,NA,3.1,2.7,NA,NA,NA,NA,615752.5,NA,516055,698460,8802,0.3305084745762712,19.6,NA,11.1,NA,3.8,5.2,NA
E06000019,Central,NA,NA,183.09,10682,0.505,7095,6661,NA,0.43478260869565216,1.5,NA,12.9,NA,3.7,3.5,NA,NA,NA,NA,615752.5,NA,516055,698460,8802,0.3305084745762712,19.6,NA,11.1,NA,3.8,5.2,NA
E06000020,Central,NA,NA,330.27,6607,0.961,5775,9797,6,0.5652173913043478,9.2,NA,9.4,NA,3.2,5.5,NA,NA,NA,NA,615752.5,NA,516055,698460,8802,0.3305084745762712,19.6,NA,11.1,NA,3.8,5.2,NA
E06000021,Central,NA,NA,538.27,14143,1.811,11245,17875,942,0.9117647058823529,14.1,NA,12.4,NA,4.4,7,NA,NA,NA,NA,615752.5,NA,516055,698460,8802,0.3305084745762712,19.6,NA,11.1,NA,3.8,5.2,NA
E06000022,South and the Channel Islands,NA,NA,233.34,7335,1.041,6615,7753,NA,0.037037037037037035,4.6,NA,9.1,NA,3.4,4,NA,NA,NA,NA,277279.0333333333,NA,296880,338962,1087,0.03931451612903226,10.2,NA,8.8,NA,3.9,4.2,NA
E06000023,South and the Channel Islands,NA,NA,459.67,19572,4.736,14410,24927,245,0.07272727272727272,13.5,NA,9.8,NA,3.1,5.4,NA,NA,NA,NA,277279.0333333333,NA,296880,338962,1087,0.03931451612903226,10.2,NA,8.8,NA,3.9,4.2,NA
E06000024,South and the Channel Islands,NA,NA,284.12,7343,1.209,7710,8611,5,0.038461538461538464,4.5,NA,7.6,NA,3.6,4,NA,NA,NA,NA,277279.0333333333,NA,296880,338962,1087,0.03931451612903226,10.2,NA,8.8,NA,3.9,4.2,NA
E06000025,South and the Channel Islands,NA,NA,332.17,7928,1.335,10745,8642,78,0,6.5,NA,6.7,NA,3.8,3.1,NA,NA,NA,NA,277279.0333333333,NA,296880,338962,1087,0.03931451612903226,10.2,NA,8.8,NA,3.9,4.2,NA
E06000026,South and the Channel Islands,NA,NA,208.7,12418,2.603,10875,16259,297,0.3125,4.6,NA,10.3,NA,4.1,6.2,NA,NA,NA,NA,277279.0333333333,NA,296880,338962,1087,0.03931451612903226,10.2,NA,8.8,NA,3.9,4.2,NA
E06000027,South and the Channel Islands,NA,NA,202.55,6467,2.277,6100,8026,1,0.058823529411764705,3.7,NA,10,NA,4.5,5.9,NA,NA,NA,NA,277279.0333333333,NA,296880,338962,1087,0.03931451612903226,10.2,NA,8.8,NA,3.9,4.2,NA
E06000058,South and the Channel Islands,NA,NA,221.59,4967.333333333333,2.1492916666666666,15170,20911,7,0.020833333333333332,7.8,NA,7.733333333333333,NA,3.8,5.3,NA,NA,NA,NA,277279.0333333333,NA,296880,338962,1087,0.03931451612903226,10.2,NA,8.8,NA,3.9,4.2,NA
E06000030,South and the Channel Islands,NA,NA,192.63,6651,1.661,7825,12435,196,0.18518518518518517,17.6,NA,6.8,NA,3.5,5.6,NA,NA,NA,NA,277279.0333333333,NA,296880,338962,1087,0.03931451612903226,10.2,NA,8.8,NA,3.9,4.2,NA
E06000031,Central,NA,NA,204.19,7547,7.502,5830,13648,179,0.045454545454545456,16.5,NA,9.5,NA,2.9,6.8,NA,NA,NA,NA,615752.5,NA,516055,698460,8802,0.3305084745762712,19.6,NA,11.1,NA,3.8,5.2,NA
E06000032,South East,NA,NA,280.68,9219,4.927,9815,14541,157,0,48.8,NA,11.6,NA,4.6,6.8,NA,NA,NA,NA,362806,NA,404735,466942,1253,0.009569377990430622,13.6,NA,8.3,NA,3.9,4.5,NA
E06000033,South East,NA,NA,174.74,7409,1.805,7200,12576,54,0,10.5,NA,9.3,NA,3.9,6.9,NA,NA,NA,NA,362806,NA,404735,466942,1253,0.009569377990430622,13.6,NA,8.3,NA,3.9,4.5,NA
E06000034,South East,NA,NA,204.2,5815,3.758,9845,10672,176,0,22.9,NA,8.7,NA,5.7,6.2,NA,NA,NA,NA,362806,NA,404735,466942,1253,0.009569377990430622,13.6,NA,8.3,NA,3.9,4.5,NA
E06000035,South East,NA,NA,299.04,10291,3.049,9915,16065,8,0,7.3,NA,9,NA,3.6,5.8,NA,NA,NA,NA,362806,NA,404735,466942,1253,0.009569377990430622,13.6,NA,8.3,NA,3.9,4.5,NA
E06000036,South and the Channel Islands,NA,NA,128.93,2544,2.014,4060,4179,1,0,14.4,NA,5.2,NA,3.3,3.4,NA,NA,NA,NA,277279.0333333333,NA,296880,338962,1087,0.03931451612903226,10.2,NA,8.8,NA,3.9,4.2,NA
E06000037,South and the Channel Islands,NA,NA,119.91,4401,0.335,4330,5105,NA,0,5.5,NA,6.6,NA,2.7,3.2,NA,NA,NA,NA,277279.0333333333,NA,296880,338962,1087,0.03931451612903226,10.2,NA,8.8,NA,3.9,4.2,NA
E06000038,South and the Channel Islands,NA,NA,151.44,6056,4.965,4640,8755,23,0,22.7,NA,9,NA,2.8,5.4,NA,NA,NA,NA,277279.0333333333,NA,296880,338962,1087,0.03931451612903226,10.2,NA,8.8,NA,3.9,4.2,NA
E06000039,South and the Channel Islands,NA,NA,338.37,4815,4.865,4215,10118,66,0,61.3,NA,8.9,NA,2.8,6.8,NA,NA,NA,NA,277279.0333333333,NA,296880,338962,1087,0.03931451612903226,10.2,NA,8.8,NA,3.9,4.2,NA
E06000040,South and the Channel Islands,NA,NA,182.27,3829,0.633,4210,4891,3,0,15.4,NA,6.1,NA,2.8,3.2,NA,NA,NA,NA,277279.0333333333,NA,296880,338962,1087,0.03931451612903226,10.2,NA,8.8,NA,3.9,4.2,NA
E06000041,South and the Channel Islands,NA,NA,133.82,3498,1.596,4525,4364,1,0,14.8,NA,5.4,NA,2.7,2.6,NA,NA,NA,NA,277279.0333333333,NA,296880,338962,1087,0.03931451612903226,10.2,NA,8.8,NA,3.9,4.2,NA
E06000042,South and the Channel Islands,NA,NA,188.53,6290,6.965,14205,12588,10,0,23.3,NA,5.9,NA,5.3,4.7,NA,NA,NA,NA,277279.0333333333,NA,296880,338962,1087,0.03931451612903226,10.2,NA,8.8,NA,3.9,4.2,NA
E06000043,South East,NA,NA,151.61,14575,3.479,9335,17361,60,0,11.2,NA,11.2,NA,3.2,6,NA,NA,NA,NA,362806,NA,404735,466942,1253,0.009569377990430622,13.6,NA,8.3,NA,3.9,4.5,NA
E06000044,South East,NA,NA,291.76,9859,5.51,6955,12409,251,0.04,13,NA,10.8,NA,3.2,5.8,NA,NA,NA,NA,362806,NA,404735,466942,1253,0.009569377990430622,13.6,NA,8.3,NA,3.9,4.5,NA
E06000045,South East,NA,NA,215.03,10964,2.233,10200,17194,139,0,16.4,NA,10.4,NA,4,6.8,NA,NA,NA,NA,362806,NA,404735,466942,1253,0.009569377990430622,13.6,NA,8.3,NA,3.9,4.5,NA
E06000046,South East,NA,NA,76.88,7310,1.284,5490,6711,NA,0,3.1,NA,11.2,NA,3.9,4.7,NA,NA,NA,NA,362806,NA,404735,466942,1253,0.009569377990430622,13.6,NA,8.3,NA,3.9,4.5,NA
E06000047,North,NA,NA,375.59,22919,0.623,25835,33529,1,0.6515151515151515,1.7,NA,9.8,NA,4.9,6.4,NA,NA,NA,NA,716982,NA,696460,910658,20150,0.22722513089005236,12.6,NA,11,NA,4.6,6,NA
E06000049,North,NA,NA,215.8,16441,0.606,14385,14720,37,0,5.7,NA,9.8,NA,3.8,3.9,NA,NA,NA,NA,716982,NA,696460,910658,20150,0.22722513089005236,12.6,NA,11,NA,4.6,6,NA
E06000050,North,NA,NA,285.07,15769,0.662,14210,16213,135,0,NA,NA,10.6,NA,4.2,4.8,NA,NA,NA,NA,716982,NA,696460,910658,20150,0.22722513089005236,12.6,NA,11,NA,4.6,6,NA
E06000051,Central,NA,NA,221.27,16826,2.104,10795,11857,NA,0.38461538461538464,3,NA,12.3,NA,3.4,3.7,NA,NA,NA,NA,615752.5,NA,516055,698460,8802,0.3305084745762712,19.6,NA,11.1,NA,3.8,5.2,NA
E06000052,South and the Channel Islands,NA,NA,84.29,31826,1.252,26181,27349,5,0.0547945205479452,2.3,NA,12.6,NA,4.6,4.8,NA,NA,NA,NA,277279.0333333333,NA,296880,338962,1087,0.03931451612903226,10.2,NA,8.8,NA,3.9,4.2,NA
E06000053,South and the Channel Islands,NA,NA,NA,231,0,104,40,NA,0,NA,NA,20.9,NA,4.6,1.8,NA,NA,NA,NA,277279.0333333333,NA,296880,338962,1087,0.03931451612903226,10.2,NA,8.8,NA,3.9,4.2,NA
E06000054,South and the Channel Islands,NA,NA,121.79,17540,1.303,17955,18099,5,0,3.4,NA,8.2,NA,3.6,3.6,NA,NA,NA,NA,277279.0333333333,NA,296880,338962,1087,0.03931451612903226,10.2,NA,8.8,NA,3.9,4.2,NA
E06000055,South East,NA,NA,166.19,6900,3.698,6070,9855,5,0,21.4,NA,10.1,NA,3.5,5.7,NA,NA,NA,NA,362806,NA,404735,466942,1253,0.009569377990430622,13.6,NA,8.3,NA,3.9,4.5,NA
E06000056,South East,NA,NA,117.79,9307,1.488,12625,9812,10,0,8.3,NA,8.4,NA,4.5,3.5,NA,NA,NA,NA,362806,NA,404735,466942,1253,0.009569377990430622,13.6,NA,8.3,NA,3.9,4.5,NA
E06000057,North,NA,NA,285.95,14182,1.346,16680,14142,208,0.3,NA,NA,9.8,NA,5.2,4.4,NA,NA,NA,NA,716982,NA,696460,910658,20150,0.22722513089005236,12.6,NA,11,NA,4.6,6,NA
E07000004,South and the Channel Islands,NA,NA,NA,3758.75,2.136,NA,6372,NA,0,NA,NA,6.7,NA,NA,3.2,NA,NA,NA,NA,277279.0333333333,NA,296880,338962,1087,0.03931451612903226,10.2,NA,8.8,NA,3.9,4.2,NA
E07000005,South and the Channel Islands,NA,NA,NA,3758.75,1.499,NA,2692,NA,0,NA,NA,6.7,NA,NA,2.8,NA,NA,NA,NA,277279.0333333333,NA,296880,338962,1087,0.03931451612903226,10.2,NA,8.8,NA,3.9,4.2,NA
E07000006,South and the Channel Islands,NA,NA,NA,3758.75,2.506,17410,2097,NA,0,NA,NA,6.7,NA,24.9,3,NA,NA,NA,NA,277279.0333333333,NA,296880,338962,1087,0.03931451612903226,10.2,NA,8.8,NA,3.9,4.2,NA
E07000007,South and the Channel Islands,NA,NA,NA,3758.75,1.554,NA,6780,NA,0,NA,NA,6.7,NA,NA,3.9,NA,NA,NA,NA,277279.0333333333,NA,296880,338962,1087,0.03931451612903226,10.2,NA,8.8,NA,3.9,4.2,NA
E07000008,Central,NA,NA,NA,5522,3.059,4140,4386,5,0,18.2,NA,11.1,NA,3.3,3.5,NA,NA,NA,NA,615752.5,NA,516055,698460,8802,0.3305084745762712,19.6,NA,11.1,NA,3.8,5.2,NA
E07000009,Central,NA,NA,NA,3661,2.12,3430,2526,NA,0,6.3,NA,9.9,NA,3.8,2.8,NA,NA,NA,NA,615752.5,NA,516055,698460,8802,0.3305084745762712,19.6,NA,11.1,NA,3.8,5.2,NA
E07000010,Central,NA,NA,NA,4660,2.563,4745,5056,NA,0.09090909090909091,NA,NA,10.8,NA,4.7,5,NA,NA,NA,NA,615752.5,NA,516055,698460,8802,0.3305084745762712,19.6,NA,11.1,NA,3.8,5.2,NA
E07000011,Central,NA,NA,NA,6242,3.439,7335,5642,NA,0,6.2,NA,8.4,NA,4.1,3.2,NA,NA,NA,NA,615752.5,NA,516055,698460,8802,0.3305084745762712,19.6,NA,11.1,NA,3.8,5.2,NA
E07000012,Central,NA,NA,NA,5324,2.356,6495,4041,NA,0,7.4,NA,8.3,NA,4.1,2.6,NA,NA,NA,NA,615752.5,NA,516055,698460,8802,0.3305084745762712,19.6,NA,11.1,NA,3.8,5.2,NA
E07000026,North,NA,NA,NA,6091,0.41,4020,4697,NA,0.25,NA,NA,13.8,NA,4.1,4.8,NA,NA,NA,NA,716982,NA,696460,910658,20150,0.22722513089005236,12.6,NA,11,NA,4.6,6,NA
E07000027,North,NA,NA,NA,4699,0.129,4790,2961,NA,0,NA,NA,14.4,NA,7.1,4.4,NA,NA,NA,NA,716982,NA,696460,910658,20150,0.22722513089005236,12.6,NA,11,NA,4.6,6,NA
E07000028,North,NA,NA,NA,6077,0.75,3855,4758,NA,0.07692307692307693,NA,NA,12,NA,3.6,4.4,NA,NA,NA,NA,716982,NA,696460,910658,20150,0.22722513089005236,12.6,NA,11,NA,4.6,6,NA
E07000029,North,NA,NA,NA,4350,0.311,2945,3359,1,0.5,NA,NA,13.6,NA,4.3,4.9,NA,NA,NA,NA,716982,NA,696460,910658,20150,0.22722513089005236,12.6,NA,11,NA,4.6,6,NA
E07000030,North,NA,NA,NA,3536,0,2315,1379,NA,0,NA,NA,14.7,NA,4.4,2.6,NA,NA,NA,NA,716982,NA,696460,910658,20150,0.22722513089005236,12.6,NA,11,NA,4.6,6,NA
E07000031,North,NA,NA,NA,6123,0.6,4490,2505,1,0,NA,NA,12.5,NA,4.3,2.4,NA,NA,NA,NA,716982,NA,696460,910658,20150,0.22722513089005236,12.6,NA,11,NA,4.6,6,NA
E07000032,Central,NA,NA,NA,5867,1.584,4550,5200,NA,0.125,NA,NA,10.5,NA,3.6,4.1,NA,NA,NA,NA,615752.5,NA,516055,698460,8802,0.3305084745762712,19.6,NA,11.1,NA,3.8,5.2,NA
E07000033,Central,NA,NA,NA,3754,1.016,3400,3895,NA,0.6,NA,NA,10.8,NA,4.3,4.9,NA,NA,NA,NA,615752.5,NA,516055,698460,8802,0.3305084745762712,19.6,NA,11.1,NA,3.8,5.2,NA
E07000034,Central,NA,NA,NA,5140,1.246,3610,5540,5,0.46153846153846156,9.2,NA,10.4,NA,3.5,5.3,NA,NA,NA,NA,615752.5,NA,516055,698460,8802,0.3305084745762712,19.6,NA,11.1,NA,3.8,5.2,NA
E07000035,Central,NA,NA,NA,4130,1.427,2525,1788,NA,0,NA,NA,12.6,NA,3.5,2.5,NA,NA,NA,NA,615752.5,NA,516055,698460,8802,0.3305084745762712,19.6,NA,11.1,NA,3.8,5.2,NA
E07000036,Central,NA,NA,NA,5340,0.449,4160,6034,NA,0.2,10.3,NA,10.3,NA,3.6,5.2,NA,NA,NA,NA,615752.5,NA,516055,698460,8802,0.3305084745762712,19.6,NA,11.1,NA,3.8,5.2,NA
E07000037,Central,NA,NA,NA,4346,0.995,3625,3299,1,0.09090909090909091,NA,NA,10.5,NA,3.9,3.6,NA,NA,NA,NA,615752.5,NA,516055,698460,8802,0.3305084745762712,19.6,NA,11.1,NA,3.8,5.2,NA
E07000038,Central,NA,NA,NA,4760,0.038,3430,3793,NA,0.15384615384615385,NA,NA,10.4,NA,3.4,3.8,NA,NA,NA,NA,615752.5,NA,516055,698460,8802,0.3305084745762712,19.6,NA,11.1,NA,3.8,5.2,NA
E07000039,Central,NA,NA,NA,4067,2.641,3495,3560,NA,0,10.5,NA,9.8,NA,3.3,3.4,NA,NA,NA,NA,615752.5,NA,516055,698460,8802,0.3305084745762712,19.6,NA,11.1,NA,3.8,5.2,NA
E07000040,South and the Channel Islands,NA,NA,NA,6267,0.225,6065,4544,1,0.1,4.4,NA,9.7,NA,4.2,3.1,NA,NA,NA,NA,277279.0333333333,NA,296880,338962,1087,0.03931451612903226,10.2,NA,8.8,NA,3.9,4.2,NA
E07000041,South and the Channel Islands,NA,NA,NA,5613,1.567,3770,4722,1,0,8.1,NA,10.4,NA,2.9,3.6,NA,NA,NA,NA,277279.0333333333,NA,296880,338962,1087,0.03931451612903226,10.2,NA,8.8,NA,3.9,4.2,NA
E07000042,South and the Channel Islands,NA,NA,NA,3972,0.974,3175,2893,NA,0,NA,NA,11,NA,3.9,3.5,NA,NA,NA,NA,277279.0333333333,NA,296880,338962,1087,0.03931451612903226,10.2,NA,8.8,NA,3.9,4.2,NA
E07000043,South and the Channel Islands,NA,NA,NA,5147,1.61,4245,4378,NA,0.14285714285714285,NA,NA,11.7,NA,4.4,4.6,NA,NA,NA,NA,277279.0333333333,NA,296880,338962,1087,0.03931451612903226,10.2,NA,8.8,NA,3.9,4.2,NA
E07000044,South and the Channel Islands,NA,NA,NA,4383,0.166,3260,3111,NA,0,NA,NA,10.8,NA,3.8,3.6,NA,NA,NA,NA,277279.0333333333,NA,296880,338962,1087,0.03931451612903226,10.2,NA,8.8,NA,3.9,4.2,NA
E07000045,South and the Channel Islands,NA,NA,NA,5717,0.5,6330,4944,NA,0,NA,NA,9.6,NA,4.8,3.7,NA,NA,NA,NA,277279.0333333333,NA,296880,338962,1087,0.03931451612903226,10.2,NA,8.8,NA,3.9,4.2,NA
E07000046,South and the Channel Islands,NA,NA,NA,3854,0.924,3075,2986,NA,0,NA,NA,12.6,NA,4.5,4.4,NA,NA,NA,NA,277279.0333333333,NA,296880,338962,1087,0.03931451612903226,10.2,NA,8.8,NA,3.9,4.2,NA
E07000047,South and the Channel Islands,NA,NA,NA,3056,0.778,2450,1874,3,0,NA,NA,12.3,NA,4.4,3.4,NA,NA,NA,NA,277279.0333333333,NA,296880,338962,1087,0.03931451612903226,10.2,NA,8.8,NA,3.9,4.2,NA
E06000059,South and the Channel Islands,NA,NA,105.15,3057.2,1.265468085106383,15235,13428,NA,0,2.6,NA,8.84,NA,4,3.6,NA,NA,NA,NA,277279.0333333333,NA,296880,338962,1087,0.03931451612903226,10.2,NA,8.8,NA,3.9,4.2,NA
E07000061,South East,NA,NA,NA,4125,2.052,3835,6672,1,0.07692307692307693,11.6,NA,8.5,NA,3.7,6.5,NA,NA,NA,NA,362806,NA,404735,466942,1253,0.009569377990430622,13.6,NA,8.3,NA,3.9,4.5,NA
E07000062,South East,NA,NA,NA,5051,5.831,3545,8165,89,0,NA,NA,11.5,NA,3.8,8.8,NA,NA,NA,NA,362806,NA,404735,466942,1253,0.009569377990430622,13.6,NA,8.3,NA,3.9,4.5,NA
E07000063,South East,NA,NA,NA,3615,1.569,4395,4460,NA,0,NA,NA,8,NA,4.3,4.3,NA,NA,NA,NA,362806,NA,404735,466942,1253,0.009569377990430622,13.6,NA,8.3,NA,3.9,4.5,NA
E07000064,South East,NA,NA,NA,4650,2.552,3875,4588,NA,0,NA,NA,10.6,NA,4.1,4.8,NA,NA,NA,NA,362806,NA,404735,466942,1253,0.009569377990430622,13.6,NA,8.3,NA,3.9,4.5,NA
E07000065,South East,NA,NA,NA,5701,1.766,5925,5423,NA,0,NA,NA,8.5,NA,3.7,3.4,NA,NA,NA,NA,362806,NA,404735,466942,1253,0.009569377990430622,13.6,NA,8.3,NA,3.9,4.5,NA
E07000066,South East,NA,NA,NA,6034,2.594,8125,11615,59,0.045454545454545456,11,NA,7.8,NA,4.4,6.2,NA,NA,NA,NA,362806,NA,404735,466942,1253,0.009569377990430622,13.6,NA,8.3,NA,3.9,4.5,NA
E07000067,South East,NA,NA,NA,6064,0.934,6205,6865,NA,0,NA,NA,9.3,NA,4.1,4.5,NA,NA,NA,NA,362806,NA,404735,466942,1253,0.009569377990430622,13.6,NA,8.3,NA,3.9,4.5,NA
E07000069,South East,NA,NA,NA,3506,2.186,4115,3916,NA,0,NA,NA,9,NA,4.6,4.3,NA,NA,NA,NA,362806,NA,404735,466942,1253,0.009569377990430622,13.6,NA,8.3,NA,3.9,4.5,NA
E07000068,South East,NA,NA,NA,2439,1.91,2665,3027,3,0,NA,NA,7.5,NA,3.5,4,NA,NA,NA,NA,362806,NA,404735,466942,1253,0.009569377990430622,13.6,NA,8.3,NA,3.9,4.5,NA
E07000070,South East,NA,NA,NA,5855,4.093,5760,6233,2,0,NA,NA,7.9,NA,3.3,3.5,NA,NA,NA,NA,362806,NA,404735,466942,1253,0.009569377990430622,13.6,NA,8.3,NA,3.9,4.5,NA
E07000071,South East,NA,NA,NA,7195,3.799,7115,8246,8,0,10,NA,9.4,NA,3.7,4.3,NA,NA,NA,NA,362806,NA,404735,466942,1253,0.009569377990430622,13.6,NA,8.3,NA,3.9,4.5,NA
E07000072,South East,NA,NA,NA,4572,1.177,5335,5883,17,0,17.8,NA,8.2,NA,4.1,4.5,NA,NA,NA,NA,362806,NA,404735,466942,1253,0.009569377990430622,13.6,NA,8.3,NA,3.9,4.5,NA
E07000073,South East,NA,NA,NA,2781,3.817,4860,6192,28,0.36363636363636365,NA,NA,7.5,NA,5.6,7.2,NA,NA,NA,NA,362806,NA,404735,466942,1253,0.009569377990430622,13.6,NA,8.3,NA,3.9,4.5,NA
E07000074,South East,NA,NA,NA,2936,1.118,3055,2396,2,0,NA,NA,10.7,NA,4.7,3.7,NA,NA,NA,NA,362806,NA,404735,466942,1253,0.009569377990430622,13.6,NA,8.3,NA,3.9,4.5,NA
E07000075,South East,NA,NA,NA,3053,2.396,4820,2970,4,0,NA,NA,8.5,NA,5.5,3.4,NA,NA,NA,NA,362806,NA,404735,466942,1253,0.009569377990430622,13.6,NA,8.3,NA,3.9,4.5,NA
E07000076,South East,NA,NA,NA,7239,1.276,7580,8716,2,0.2222222222222222,NA,NA,10.9,NA,5.2,6,NA,NA,NA,NA,362806,NA,404735,466942,1253,0.009569377990430622,13.6,NA,8.3,NA,3.9,4.5,NA
E07000077,South East,NA,NA,NA,3117,1.534,2970,2777,NA,0,NA,NA,9.3,NA,3.3,3.1,NA,NA,NA,NA,362806,NA,404735,466942,1253,0.009569377990430622,13.6,NA,8.3,NA,3.9,4.5,NA
E07000078,South and the Channel Islands,NA,NA,NA,4550,1.808,4030,4999,21,0.06666666666666667,10.2,NA,8.1,NA,3.4,4.3,NA,NA,NA,NA,277279.0333333333,NA,296880,338962,1087,0.03931451612903226,10.2,NA,8.8,NA,3.9,4.2,NA
E07000079,South and the Channel Islands,NA,NA,NA,3794,0.811,3525,2844,NA,0,NA,NA,9.5,NA,4,3.2,NA,NA,NA,NA,277279.0333333333,NA,296880,338962,1087,0.03931451612903226,10.2,NA,8.8,NA,3.9,4.2,NA
E07000080,South and the Channel Islands,NA,NA,NA,4371,0.53,3670,3670,NA,0,NA,NA,11.7,NA,4.2,4.2,NA,NA,NA,NA,277279.0333333333,NA,296880,338962,1087,0.03931451612903226,10.2,NA,8.8,NA,3.9,4.2,NA
E07000081,South and the Channel Islands,NA,NA,NA,4387,4.013,5365,6745,103,0.13333333333333333,11,NA,7.9,NA,4.1,5.2,NA,NA,NA,NA,277279.0333333333,NA,296880,338962,1087,0.03931451612903226,10.2,NA,8.8,NA,3.9,4.2,NA
E07000082,South and the Channel Islands,NA,NA,NA,4587,0.688,4815,4073,NA,0,NA,NA,8.8,NA,4,3.4,NA,NA,NA,NA,277279.0333333333,NA,296880,338962,1087,0.03931451612903226,10.2,NA,8.8,NA,3.9,4.2,NA
E07000083,South and the Channel Islands,NA,NA,NA,2845,1.581,3440,3202,2,0,NA,NA,7.4,NA,3.7,3.5,NA,NA,NA,NA,277279.0333333333,NA,296880,338962,1087,0.03931451612903226,10.2,NA,8.8,NA,3.9,4.2,NA
E07000084,South East,NA,NA,NA,4563,1.071,6085,6028,NA,0,5.1,NA,6.1,NA,3.5,3.4,NA,NA,NA,NA,362806,NA,404735,466942,1253,0.009569377990430622,13.6,NA,8.3,NA,3.9,4.5,NA
E07000085,South East,NA,NA,NA,3560,1.238,5155,3471,NA,0,NA,NA,7,NA,4.3,2.9,NA,NA,NA,NA,362806,NA,404735,466942,1253,0.009569377990430622,13.6,NA,8.3,NA,3.9,4.5,NA
E07000086,South East,NA,NA,NA,3519,0.037,4285,4613,5,0,NA,NA,6.3,NA,3.3,3.5,NA,NA,NA,NA,362806,NA,404735,466942,1253,0.009569377990430622,13.6,NA,8.3,NA,3.9,4.5,NA
E07000087,South East,NA,NA,NA,2935,1.408,4195,3001,10,0,NA,NA,5.9,NA,3.6,2.6,NA,NA,NA,NA,362806,NA,404735,466942,1253,0.009569377990430622,13.6,NA,8.3,NA,3.9,4.5,NA
E07000088,South East,NA,NA,NA,2739,2.889,3590,3833,1,0,NA,NA,7.2,NA,4.2,4.5,NA,NA,NA,NA,362806,NA,404735,466942,1253,0.009569377990430622,13.6,NA,8.3,NA,3.9,4.5,NA
E07000089,South East,NA,NA,NA,2090,0.682,3990,2146,2,0,13.2,NA,5.5,NA,4.1,2.2,NA,NA,NA,NA,362806,NA,404735,466942,1253,0.009569377990430622,13.6,NA,8.3,NA,3.9,4.5,NA
E07000090,South East,NA,NA,NA,4260,0.579,5700,5759,3,0,NA,NA,7.8,NA,4.5,4.6,NA,NA,NA,NA,362806,NA,404735,466942,1253,0.009569377990430622,13.6,NA,8.3,NA,3.9,4.5,NA
E07000091,South East,NA,NA,NA,6296,1.463,7710,5484,NA,0,NA,NA,7.6,NA,4.3,3.1,NA,NA,NA,NA,362806,NA,404735,466942,1253,0.009569377990430622,13.6,NA,8.3,NA,3.9,4.5,NA
E07000092,South East,NA,NA,NA,2521,2.421,3140,3800,6,0,17.7,NA,6.4,NA,3.3,4,NA,NA,NA,NA,362806,NA,404735,466942,1253,0.009569377990430622,13.6,NA,8.3,NA,3.9,4.5,NA
E07000093,South East,NA,NA,NA,3526,0.96,4225,3897,NA,0,NA,NA,6.9,NA,3.4,3.1,NA,NA,NA,NA,362806,NA,404735,466942,1253,0.009569377990430622,13.6,NA,8.3,NA,3.9,4.5,NA
E07000094,South East,NA,NA,NA,3906,0.934,4065,3562,NA,0,5.7,NA,7.8,NA,3.3,2.9,NA,NA,NA,NA,362806,NA,404735,466942,1253,0.009569377990430622,13.6,NA,8.3,NA,3.9,4.5,NA
E07000095,South East,NA,NA,NA,2998,6.11,3485,5261,12,0,14,NA,7.5,NA,3.6,5.4,NA,NA,NA,NA,362806,NA,404735,466942,1253,0.009569377990430622,13.6,NA,8.3,NA,3.9,4.5,NA
E07000096,South East,NA,NA,NA,4700,2.745,5070,5980,2,0,8.6,NA,7.4,NA,3.3,3.9,NA,NA,NA,NA,362806,NA,404735,466942,1253,0.009569377990430622,13.6,NA,8.3,NA,3.9,4.5,NA
E07000098,South East,NA,NA,NA,3240,3.118,3685,4600,10,0,14,NA,7.6,NA,3.5,4.4,NA,NA,NA,NA,362806,NA,404735,466942,1253,0.009569377990430622,13.6,NA,8.3,NA,3.9,4.5,NA
E07000099,South East,NA,NA,NA,4478,1.361,5540,4553,1,0.06666666666666667,6.4,NA,7.8,NA,4.2,3.4,NA,NA,NA,NA,362806,NA,404735,466942,1253,0.009569377990430622,13.6,NA,8.3,NA,3.9,4.5,NA
E07000102,South East,NA,NA,NA,2760,1.611,3320,3298,NA,0,17.5,NA,7.4,NA,3.6,3.5,NA,NA,NA,NA,362806,NA,404735,466942,1253,0.009569377990430622,13.6,NA,8.3,NA,3.9,4.5,NA
E07000103,South East,NA,NA,NA,3317,3.39,2695,5385,8,0,35.6,NA,8.5,NA,2.8,5.6,NA,NA,NA,NA,362806,NA,404735,466942,1253,0.009569377990430622,13.6,NA,8.3,NA,3.9,4.5,NA
E07000105,South East,NA,NA,NA,4362,2.911,4920,6468,4,0,7.1,NA,8.5,NA,3.8,5,NA,NA,NA,NA,362806,NA,404735,466942,1253,0.009569377990430622,13.6,NA,8.3,NA,3.9,4.5,NA
E07000106,South East,NA,NA,NA,6576,1.491,5730,7275,2,0,5.9,NA,10.1,NA,3.5,4.4,NA,NA,NA,NA,362806,NA,404735,466942,1253,0.009569377990430622,13.6,NA,8.3,NA,3.9,4.5,NA
E07000107,South East,NA,NA,NA,2926,3.568,3885,5288,6,0,12.8,NA,6.8,NA,3.5,4.8,NA,NA,NA,NA,362806,NA,404735,466942,1253,0.009569377990430622,13.6,NA,8.3,NA,3.9,4.5,NA
E07000108,South East,NA,NA,NA,5196,3.066,5450,7235,NA,0,NA,NA,10.1,NA,4.7,6.2,NA,NA,NA,NA,362806,NA,404735,466942,1253,0.009569377990430622,13.6,NA,8.3,NA,3.9,4.5,NA
E07000109,South East,NA,NA,NA,3826,0.568,4470,6357,15,0,15.3,NA,8.8,NA,4.2,6,NA,NA,NA,NA,362806,NA,404735,466942,1253,0.009569377990430622,13.6,NA,8.3,NA,3.9,4.5,NA
E07000110,South East,NA,NA,NA,5419,3.22,5780,7062,NA,0,10.8,NA,8,NA,3.4,4.2,NA,NA,NA,NA,362806,NA,404735,466942,1253,0.009569377990430622,13.6,NA,8.3,NA,3.9,4.5,NA
E07000111,South East,NA,NA,NA,3685,0.7,4550,3852,NA,0,NA,NA,7.3,NA,3.8,3.2,NA,NA,NA,NA,362806,NA,404735,466942,1253,0.009569377990430622,13.6,NA,8.3,NA,3.9,4.5,NA
E07000112,South East,NA,NA,NA,5157,1.812,5345,6216,12,0,10.4,NA,10.2,NA,4.7,5.5,NA,NA,NA,NA,362806,NA,404735,466942,1253,0.009569377990430622,13.6,NA,8.3,NA,3.9,4.5,NA
E07000113,South East,NA,NA,NA,5491,2.482,6115,8936,4,0,NA,NA,9.2,NA,4.1,6,NA,NA,NA,NA,362806,NA,404735,466942,1253,0.009569377990430622,13.6,NA,8.3,NA,3.9,4.5,NA
E07000114,South East,NA,NA,NA,6826,2.841,6880,12268,1,0,NA,NA,10.7,NA,4.9,8.7,NA,NA,NA,NA,362806,NA,404735,466942,1253,0.009569377990430622,13.6,NA,8.3,NA,3.9,4.5,NA
E07000115,South East,NA,NA,NA,3770,1.835,4190,4335,NA,0,NA,NA,7.3,NA,3.2,3.3,NA,NA,NA,NA,362806,NA,404735,466942,1253,0.009569377990430622,13.6,NA,8.3,NA,3.9,4.5,NA
E07000116,South East,NA,NA,NA,4276,0.85,3640,4077,2,0,10.3,NA,8.5,NA,3.1,3.5,NA,NA,NA,NA,362806,NA,404735,466942,1253,0.009569377990430622,13.6,NA,8.3,NA,3.9,4.5,NA
E07000117,North,NA,NA,NA,5353,0.951,3825,7801,69,0.16666666666666666,10.7,NA,13.6,NA,4.3,8.8,NA,NA,NA,NA,716982,NA,696460,910658,20150,0.22722513089005236,12.6,NA,11,NA,4.6,6,NA
E07000118,North,NA,NA,NA,4687,0.186,3905,4515,41,0,8.9,NA,10,NA,3.3,3.9,NA,NA,NA,NA,716982,NA,696460,910658,20150,0.22722513089005236,12.6,NA,11,NA,4.6,6,NA
E07000119,North,NA,NA,NA,3527,0.273,3120,3171,19,0,NA,NA,9.7,NA,3.9,4,NA,NA,NA,NA,716982,NA,696460,910658,20150,0.22722513089005236,12.6,NA,11,NA,4.6,6,NA
E07000120,North,NA,NA,NA,4727,0,3230,5886,42,0.2222222222222222,10.9,NA,13.1,NA,4,7.3,NA,NA,NA,NA,716982,NA,696460,910658,20150,0.22722513089005236,12.6,NA,11,NA,4.6,6,NA
E07000121,North,NA,NA,NA,8370,0.99,5670,7999,140,0.1111111111111111,NA,NA,13.8,NA,3.9,5.5,NA,NA,NA,NA,716982,NA,696460,910658,20150,0.22722513089005236,12.6,NA,11,NA,4.6,6,NA
E07000122,North,NA,NA,NA,5935,0.255,3510,5388,61,0.07692307692307693,32.6,NA,15.2,NA,3.8,5.9,NA,NA,NA,NA,716982,NA,696460,910658,20150,0.22722513089005236,12.6,NA,11,NA,4.6,6,NA
E07000123,North,NA,NA,NA,8057,0.699,4240,8893,191,0,17.4,NA,13.4,NA,3,6.3,NA,NA,NA,NA,716982,NA,696460,910658,20150,0.22722513089005236,12.6,NA,11,NA,4.6,6,NA
E07000124,North,NA,NA,NA,2791,0.158,1965,1430,20,0,NA,NA,11.1,NA,3.3,2.4,NA,NA,NA,NA,716982,NA,696460,910658,20150,0.22722513089005236,12.6,NA,11,NA,4.6,6,NA
E07000125,North,NA,NA,NA,3450,1.191,2595,3722,103,0,NA,NA,11.3,NA,3.7,5.3,NA,NA,NA,NA,716982,NA,696460,910658,20150,0.22722513089005236,12.6,NA,11,NA,4.6,6,NA
E07000126,North,NA,NA,NA,4515,0.892,3920,3988,58,0,NA,NA,9.3,NA,3.5,3.6,NA,NA,NA,NA,716982,NA,696460,910658,20150,0.22722513089005236,12.6,NA,11,NA,4.6,6,NA
E07000127,North,NA,NA,NA,5477,0.606,5025,5329,114,0,NA,NA,11.5,NA,4.4,4.7,NA,NA,NA,NA,716982,NA,696460,910658,20150,0.22722513089005236,12.6,NA,11,NA,4.6,6,NA
E07000128,North,NA,NA,NA,5500,0,5540,5116,21,0.2857142857142857,NA,NA,11.1,NA,5,4.6,NA,NA,NA,NA,716982,NA,696460,910658,20150,0.22722513089005236,12.6,NA,11,NA,4.6,6,NA
E07000129,Central,NA,NA,NA,3433,0.369,3620,3357,NA,0,5.4,NA,8.4,NA,3.6,3.3,NA,NA,NA,NA,615752.5,NA,516055,698460,8802,0.3305084745762712,19.6,NA,11.1,NA,3.8,5.2,NA
E07000130,Central,NA,NA,NA,7105,1.846,6195,6382,12,0,13.2,NA,10.1,NA,3.4,3.5,NA,NA,NA,NA,615752.5,NA,516055,698460,8802,0.3305084745762712,19.6,NA,11.1,NA,3.8,5.2,NA
E07000131,Central,NA,NA,NA,3285,0.403,3110,2795,2,0,7,NA,8.9,NA,3.4,3,NA,NA,NA,NA,615752.5,NA,516055,698460,8802,0.3305084745762712,19.6,NA,11.1,NA,3.8,5.2,NA
E07000132,Central,NA,NA,NA,4359,1.635,4140,4368,NA,0.07142857142857142,7.9,NA,9,NA,3.7,3.9,NA,NA,NA,NA,615752.5,NA,516055,698460,8802,0.3305084745762712,19.6,NA,11.1,NA,3.8,5.2,NA
E07000133,Central,NA,NA,NA,2412,2.929,1700,1893,NA,0,NA,NA,10.6,NA,3.3,3.7,NA,NA,NA,NA,615752.5,NA,516055,698460,8802,0.3305084745762712,19.6,NA,11.1,NA,3.8,5.2,NA
E07000134,Central,NA,NA,NA,4052,0.507,3625,3880,NA,0,NA,NA,9.8,NA,3.5,3.8,NA,NA,NA,NA,615752.5,NA,516055,698460,8802,0.3305084745762712,19.6,NA,11.1,NA,3.8,5.2,NA
E07000135,Central,NA,NA,NA,2017,2.422,2130,2079,50,0.16666666666666666,33.1,NA,8.9,NA,3.7,3.6,NA,NA,NA,NA,615752.5,NA,516055,698460,8802,0.3305084745762712,19.6,NA,11.1,NA,3.8,5.2,NA
E07000136,Central,NA,NA,NA,3461,0.131,3070,3486,2,0.375,NA,NA,12,NA,4.4,5,NA,NA,NA,NA,615752.5,NA,516055,698460,8802,0.3305084745762712,19.6,NA,11.1,NA,3.8,5.2,NA
E07000137,Central,NA,NA,NA,9312,1.083,6480,7562,NA,0.5,NA,NA,14.4,NA,4.6,5.4,NA,NA,NA,NA,615752.5,NA,516055,698460,8802,0.3305084745762712,19.6,NA,11.1,NA,3.8,5.2,NA
E07000138,Central,NA,NA,NA,4672,4.485,2785,6126,2,0.18181818181818182,NA,NA,11,NA,2.8,6.2,NA,NA,NA,NA,615752.5,NA,516055,698460,8802,0.3305084745762712,19.6,NA,11.1,NA,3.8,5.2,NA
E07000139,Central,NA,NA,NA,5047,1.717,5245,3627,NA,0,NA,NA,10.4,NA,4.5,3.1,NA,NA,NA,NA,615752.5,NA,516055,698460,8802,0.3305084745762712,19.6,NA,11.1,NA,3.8,5.2,NA
E07000140,Central,NA,NA,NA,4579,1.024,3445,3882,NA,0.2727272727272727,NA,NA,11.6,NA,3.7,4.1,NA,NA,NA,NA,615752.5,NA,516055,698460,8802,0.3305084745762712,19.6,NA,11.1,NA,3.8,5.2,NA
E07000141,Central,NA,NA,NA,6075,3.085,6700,6090,NA,0.125,NA,NA,10,NA,4.7,4.3,NA,NA,NA,NA,615752.5,NA,516055,698460,8802,0.3305084745762712,19.6,NA,11.1,NA,3.8,5.2,NA
E07000142,Central,NA,NA,NA,5207,1.576,3525,4059,NA,0,NA,NA,12.8,NA,3.7,4.3,NA,NA,NA,NA,615752.5,NA,516055,698460,8802,0.3305084745762712,19.6,NA,11.1,NA,3.8,5.2,NA
E07000143,Central,NA,NA,NA,6573,1.099,5915,5004,1,0.058823529411764705,NA,NA,11.3,NA,4.2,3.6,NA,NA,NA,NA,615752.5,NA,516055,698460,8802,0.3305084745762712,19.6,NA,11.1,NA,3.8,5.2,NA
E07000144,Central,NA,NA,NA,5398,1.978,6195,3673,8,0.05555555555555555,NA,NA,9.5,NA,4.8,2.8,NA,NA,NA,NA,615752.5,NA,516055,698460,8802,0.3305084745762712,19.6,NA,11.1,NA,3.8,5.2,NA
E07000145,Central,NA,NA,NA,5705,2.37,4290,8108,NA,0.46153846153846156,NA,NA,12.7,NA,4.3,8.2,NA,NA,NA,NA,615752.5,NA,516055,698460,8802,0.3305084745762712,19.6,NA,11.1,NA,3.8,5.2,NA
E07000146,Central,NA,NA,NA,8187,1.733,7110,5899,NA,0.21052631578947367,6.5,NA,12.2,NA,4.7,3.9,NA,NA,NA,NA,615752.5,NA,516055,698460,8802,0.3305084745762712,19.6,NA,11.1,NA,3.8,5.2,NA
E07000147,Central,NA,NA,NA,6661,2.165,5195,3540,NA,0.07142857142857142,NA,NA,13.5,NA,5,3.4,NA,NA,NA,NA,615752.5,NA,516055,698460,8802,0.3305084745762712,19.6,NA,11.1,NA,3.8,5.2,NA
E07000148,Central,NA,NA,NA,7129,1.171,5600,8159,103,0.21428571428571427,7,NA,11.1,NA,4,5.8,NA,NA,NA,NA,615752.5,NA,516055,698460,8802,0.3305084745762712,19.6,NA,11.1,NA,3.8,5.2,NA
E07000149,Central,NA,NA,NA,5994,0.691,6880,4179,2,0.06666666666666667,NA,NA,10.6,NA,5,3,NA,NA,NA,NA,615752.5,NA,516055,698460,8802,0.3305084745762712,19.6,NA,11.1,NA,3.8,5.2,NA
E07000150,Central,NA,NA,NA,2401,3.588,2915,4560,NA,0,NA,NA,8.9,NA,4.1,6.4,NA,NA,NA,NA,615752.5,NA,516055,698460,8802,0.3305084745762712,19.6,NA,11.1,NA,3.8,5.2,NA
E07000151,Central,NA,NA,NA,3429,1.553,3285,3298,NA,0,NA,NA,10.2,NA,3.9,3.9,NA,NA,NA,NA,615752.5,NA,516055,698460,8802,0.3305084745762712,19.6,NA,11.1,NA,3.8,5.2,NA
E07000152,Central,NA,NA,NA,3753,1.611,2890,3315,3,0,NA,NA,9.9,NA,3.1,3.5,NA,NA,NA,NA,615752.5,NA,516055,698460,8802,0.3305084745762712,19.6,NA,11.1,NA,3.8,5.2,NA
E07000153,Central,NA,NA,NA,3993,3.604,3715,4733,7,0,NA,NA,9.5,NA,3.7,4.7,NA,NA,NA,NA,615752.5,NA,516055,698460,8802,0.3305084745762712,19.6,NA,11.1,NA,3.8,5.2,NA
E07000154,Central,NA,NA,NA,8167,4.84,8365,12061,7,0.03225806451612903,19.2,NA,8.7,NA,3.7,5.4,NA,NA,NA,NA,615752.5,NA,516055,698460,8802,0.3305084745762712,19.6,NA,11.1,NA,3.8,5.2,NA
E07000155,Central,NA,NA,NA,3596,0.97,3345,2303,NA,0,NA,NA,9.7,NA,3.6,2.5,NA,NA,NA,NA,615752.5,NA,516055,698460,8802,0.3305084745762712,19.6,NA,11.1,NA,3.8,5.2,NA
E07000156,Central,NA,NA,NA,3331,4.284,3905,3697,7,0.1,12.2,NA,9.8,NA,4.9,4.7,NA,NA,NA,NA,615752.5,NA,516055,698460,8802,0.3305084745762712,19.6,NA,11.1,NA,3.8,5.2,NA
E07000164,North,NA,NA,NA,3790,0.605,3220,2874,NA,0,NA,NA,9.5,NA,3.5,3.2,NA,NA,NA,NA,716982,NA,696460,910658,20150,0.22722513089005236,12.6,NA,11,NA,4.6,6,NA
E07000163,North,NA,NA,NA,2733,0.079,2965,1823,NA,0,NA,NA,10.6,NA,5.2,3.2,NA,NA,NA,NA,716982,NA,696460,910658,20150,0.22722513089005236,12.6,NA,11,NA,4.6,6,NA
E07000165,North,NA,NA,NA,5832,1.964,6005,5407,1,0,NA,NA,8.3,NA,3.7,3.4,NA,NA,NA,NA,716982,NA,696460,910658,20150,0.22722513089005236,12.6,NA,11,NA,4.6,6,NA
E07000166,North,NA,NA,NA,2201,2.35,1550,1591,NA,0,NA,NA,10.4,NA,2.9,3,NA,NA,NA,NA,716982,NA,696460,910658,20150,0.22722513089005236,12.6,NA,11,NA,4.6,6,NA
E07000168,North,NA,NA,NA,6237,1.92,4475,5553,NA,0.21428571428571427,NA,NA,12.1,NA,4.1,5.1,NA,NA,NA,NA,716982,NA,696460,910658,20150,0.22722513089005236,12.6,NA,11,NA,4.6,6,NA
E07000167,North,NA,NA,NA,2782,0.07,2545,1985,NA,0,NA,NA,11.7,NA,4.6,3.6,NA,NA,NA,NA,716982,NA,696460,910658,20150,0.22722513089005236,12.6,NA,11,NA,4.6,6,NA
E07000169,North,NA,NA,NA,3006,0.313,3230,2996,NA,0,NA,NA,8.3,NA,3.6,3.4,NA,NA,NA,NA,716982,NA,696460,910658,20150,0.22722513089005236,12.6,NA,11,NA,4.6,6,NA
E07000170,Central,NA,NA,NA,5700,1.968,5680,6209,3,0.3125,NA,NA,10.6,NA,4.5,4.9,NA,NA,NA,NA,615752.5,NA,516055,698460,8802,0.3305084745762712,19.6,NA,11.1,NA,3.8,5.2,NA
E07000171,Central,NA,NA,NA,5749,1.537,7035,5484,1,0,7,NA,11.3,NA,6,4.7,NA,NA,NA,NA,615752.5,NA,516055,698460,8802,0.3305084745762712,19.6,NA,11.1,NA,3.8,5.2,NA
E07000172,Central,NA,NA,NA,4794,0.084,3610,4097,51,0.14285714285714285,6.4,NA,9.6,NA,3.2,3.6,NA,NA,NA,NA,615752.5,NA,516055,698460,8802,0.3305084745762712,19.6,NA,11.1,NA,3.8,5.2,NA
E07000173,Central,NA,NA,NA,4946,1.778,5170,4398,6,0.13333333333333333,7.9,NA,9.4,NA,4.4,3.7,NA,NA,NA,NA,615752.5,NA,516055,698460,8802,0.3305084745762712,19.6,NA,11.1,NA,3.8,5.2,NA
E07000174,Central,NA,NA,NA,5107,3.396,4640,5929,NA,0.46153846153846156,NA,NA,10.7,NA,4.3,5.4,NA,NA,NA,NA,615752.5,NA,516055,698460,8802,0.3305084745762712,19.6,NA,11.1,NA,3.8,5.2,NA
E07000175,Central,NA,NA,NA,5805,1.859,4905,4974,NA,0.23076923076923078,4.6,NA,11.2,NA,4,4.1,NA,NA,NA,NA,615752.5,NA,516055,698460,8802,0.3305084745762712,19.6,NA,11.1,NA,3.8,5.2,NA
E07000176,Central,NA,NA,NA,4302,0.344,3505,2825,NA,0,10.6,NA,8.8,NA,3,2.4,NA,NA,NA,NA,615752.5,NA,516055,698460,8802,0.3305084745762712,19.6,NA,11.1,NA,3.8,5.2,NA
E07000177,South and the Channel Islands,NA,NA,NA,4498,1.261,4855,5380,NA,0,9.5,NA,7.4,NA,3.3,3.6,NA,NA,NA,NA,277279.0333333333,NA,296880,338962,1087,0.03931451612903226,10.2,NA,8.8,NA,3.9,4.2,NA
E07000178,South and the Channel Islands,NA,NA,NA,6234,2.201,3850,6199,13,0,17.6,NA,10.5,NA,2.5,4,NA,NA,NA,NA,277279.0333333333,NA,296880,338962,1087,0.03931451612903226,10.2,NA,8.8,NA,3.9,4.2,NA
E07000179,South and the Channel Islands,NA,NA,NA,4266,0.471,4505,3994,NA,0,8,NA,7.3,NA,3.2,2.8,NA,NA,NA,NA,277279.0333333333,NA,296880,338962,1087,0.03931451612903226,10.2,NA,8.8,NA,3.9,4.2,NA
E07000180,South and the Channel Islands,NA,NA,NA,3670,0.227,3990,4128,NA,0,5.4,NA,6.9,NA,3,3.1,NA,NA,NA,NA,277279.0333333333,NA,296880,338962,1087,0.03931451612903226,10.2,NA,8.8,NA,3.9,4.2,NA
E07000181,South and the Channel Islands,NA,NA,NA,3441,1.48,3715,3394,NA,0,NA,NA,7.4,NA,3.4,3.1,NA,NA,NA,NA,277279.0333333333,NA,296880,338962,1087,0.03931451612903226,10.2,NA,8.8,NA,3.9,4.2,NA
E07000187,South and the Channel Islands,NA,NA,NA,4772,0.434,3745,5743,NA,0,NA,NA,9.4,NA,3.3,5,NA,NA,NA,NA,277279.0333333333,NA,296880,338962,1087,0.03931451612903226,10.2,NA,8.8,NA,3.9,4.2,NA
E07000188,South and the Channel Islands,NA,NA,NA,5130,1.31,4845,6584,NA,0.14285714285714285,NA,NA,9.6,NA,3.9,5.4,NA,NA,NA,NA,277279.0333333333,NA,296880,338962,1087,0.03931451612903226,10.2,NA,8.8,NA,3.9,4.2,NA
E07000189,South and the Channel Islands,NA,NA,NA,7610,2.228,7460,7215,NA,0.041666666666666664,NA,NA,10,NA,4.4,4.3,NA,NA,NA,NA,277279.0333333333,NA,296880,338962,1087,0.03931451612903226,10.2,NA,8.8,NA,3.9,4.2,NA
E07000246,South and the Channel Islands,NA,NA,NA,3311.5,2.1251052631578946,6180,6919,NA,0.10526315789473684,NA,NA,10.75,NA,4,4.5,NA,NA,NA,NA,277279.0333333333,NA,296880,338962,1087,0.03931451612903226,10.2,NA,8.8,NA,3.9,4.2,NA
E07000192,Central,NA,NA,NA,4265,0.873,3850,4925,NA,0.6923076923076923,NA,NA,9.9,NA,3.8,4.9,NA,NA,NA,NA,615752.5,NA,516055,698460,8802,0.3305084745762712,19.6,NA,11.1,NA,3.8,5.2,NA
E07000193,Central,NA,NA,NA,5610,2.439,5225,4856,4,0.3333333333333333,6.2,NA,11.2,NA,4.4,4.1,NA,NA,NA,NA,615752.5,NA,516055,698460,8802,0.3305084745762712,19.6,NA,11.1,NA,3.8,5.2,NA
E07000194,Central,NA,NA,NA,3982,1.501,4420,3888,NA,0.25,NA,NA,9.1,NA,4.3,3.7,NA,NA,NA,NA,615752.5,NA,516055,698460,8802,0.3305084745762712,19.6,NA,11.1,NA,3.8,5.2,NA
E07000195,Central,NA,NA,NA,6061,0.146,4290,4931,NA,0.75,NA,NA,10.9,NA,3.3,3.8,NA,NA,NA,NA,615752.5,NA,516055,698460,8802,0.3305084745762712,19.6,NA,11.1,NA,3.8,5.2,NA
E07000196,Central,NA,NA,NA,4329,0.752,3790,3898,NA,0.42857142857142855,NA,NA,9.2,NA,3.4,3.5,NA,NA,NA,NA,615752.5,NA,516055,698460,8802,0.3305084745762712,19.6,NA,11.1,NA,3.8,5.2,NA
E07000197,Central,NA,NA,NA,5801,0.843,6550,4593,NA,0.3125,9.2,NA,9.9,NA,4.8,3.4,NA,NA,NA,NA,615752.5,NA,516055,698460,8802,0.3305084745762712,19.6,NA,11.1,NA,3.8,5.2,NA
E07000198,Central,NA,NA,NA,5038,1.461,3910,2852,1,0.8461538461538461,NA,NA,11.4,NA,4,2.9,NA,NA,NA,NA,615752.5,NA,516055,698460,8802,0.3305084745762712,19.6,NA,11.1,NA,3.8,5.2,NA
E07000199,Central,NA,NA,NA,2943,2.817,2725,4077,NA,0.5,NA,NA,8.8,NA,3.6,5.3,NA,NA,NA,NA,615752.5,NA,516055,698460,8802,0.3305084745762712,19.6,NA,11.1,NA,3.8,5.2,NA
E07000200,Central,NA,NA,NA,4416,1.928,4095,3279,NA,0,NA,NA,11,NA,4.5,3.6,NA,NA,NA,NA,615752.5,NA,516055,698460,8802,0.3305084745762712,19.6,NA,11.1,NA,3.8,5.2,NA
E07000245,Central,NA,NA,NA,3522.5,3.126333333333333,7645,6336,1,0.047619047619047616,6.8,NA,9.25,NA,4.3,3.5,NA,NA,NA,NA,615752.5,NA,516055,698460,8802,0.3305084745762712,19.6,NA,11.1,NA,3.8,5.2,NA
E07000202,Central,NA,NA,NA,6450,2.844,6190,8258,67,0.25,12.1,NA,10.6,NA,4.5,6,NA,NA,NA,NA,615752.5,NA,516055,698460,8802,0.3305084745762712,19.6,NA,11.1,NA,3.8,5.2,NA
E07000203,Central,NA,NA,NA,4651,1.312,4840,3063,NA,0.08333333333333333,NA,NA,10.8,NA,4.7,3,NA,NA,NA,NA,615752.5,NA,516055,698460,8802,0.3305084745762712,19.6,NA,11.1,NA,3.8,5.2,NA
E07000244,Central,NA,NA,NA,6556,0.4725,14145,11551,8,0.1,4.4,NA,11.75,NA,5.7,4.7,NA,NA,NA,NA,615752.5,NA,516055,698460,8802,0.3305084745762712,19.6,NA,11.1,NA,3.8,5.2,NA
E07000207,South East,NA,NA,NA,3310,0.917,4090,3610,1,0,5.9,NA,5.8,NA,3,2.6,NA,NA,NA,NA,362806,NA,404735,466942,1253,0.009569377990430622,13.6,NA,8.3,NA,3.9,4.5,NA
E07000208,South East,NA,NA,NA,2106,1.527,2555,2255,5,0,12.6,NA,6.6,NA,3.2,2.8,NA,NA,NA,NA,362806,NA,404735,466942,1253,0.009569377990430622,13.6,NA,8.3,NA,3.9,4.5,NA
E07000209,South East,NA,NA,NA,4109,0.452,4620,3715,2,0,9.5,NA,7.1,NA,3.1,2.5,NA,NA,NA,NA,362806,NA,404735,466942,1253,0.009569377990430622,13.6,NA,8.3,NA,3.9,4.5,NA
E07000211,South East,NA,NA,NA,3543,1.454,4920,4653,NA,0,11.1,NA,6,NA,3.3,3.1,NA,NA,NA,NA,362806,NA,404735,466942,1253,0.009569377990430622,13.6,NA,8.3,NA,3.9,4.5,NA
E07000210,South East,NA,NA,NA,2592,0.887,2970,2239,3,0,NA,NA,6.8,NA,3.4,2.6,NA,NA,NA,NA,362806,NA,404735,466942,1253,0.009569377990430622,13.6,NA,8.3,NA,3.9,4.5,NA
E07000212,South East,NA,NA,NA,2249,2.417,2985,2852,NA,0,16.6,NA,6.4,NA,3.4,3.2,NA,NA,NA,NA,362806,NA,404735,466942,1253,0.009569377990430622,13.6,NA,8.3,NA,3.9,4.5,NA
E07000213,South East,NA,NA,NA,2542,2.925,3790,3984,12,0,23.8,NA,6,NA,3.8,4,NA,NA,NA,NA,362806,NA,404735,466942,1253,0.009569377990430622,13.6,NA,8.3,NA,3.9,4.5,NA
E07000214,South East,NA,NA,NA,2001,1.592,2965,2510,NA,0,11.1,NA,5.6,NA,3.3,2.8,NA,NA,NA,NA,362806,NA,404735,466942,1253,0.009569377990430622,13.6,NA,8.3,NA,3.9,4.5,NA
E07000215,South East,NA,NA,NA,2335,0.695,3150,2924,NA,0,NA,NA,6.5,NA,3.6,3.3,NA,NA,NA,NA,362806,NA,404735,466942,1253,0.009569377990430622,13.6,NA,8.3,NA,3.9,4.5,NA
E07000216,South East,NA,NA,NA,3603,0,4515,2969,NA,0,NA,NA,6.8,NA,3.6,2.4,NA,NA,NA,NA,362806,NA,404735,466942,1253,0.009569377990430622,13.6,NA,8.3,NA,3.9,4.5,NA
E07000217,South East,NA,NA,NA,2570,1.663,3250,3306,2,0,23.8,NA,6.1,NA,3.2,3.3,NA,NA,NA,NA,362806,NA,404735,466942,1253,0.009569377990430622,13.6,NA,8.3,NA,3.9,4.5,NA
E07000218,Central,NA,NA,NA,2888,3.457,2860,2792,NA,0.2857142857142857,NA,NA,10.6,NA,4.4,4.3,NA,NA,NA,NA,615752.5,NA,516055,698460,8802,0.3305084745762712,19.6,NA,11.1,NA,3.8,5.2,NA
E07000219,Central,NA,NA,NA,5333,2.743,4915,7419,1,0.7058823529411765,14.4,NA,9.6,NA,3.8,5.8,NA,NA,NA,NA,615752.5,NA,516055,698460,8802,0.3305084745762712,19.6,NA,11.1,NA,3.8,5.2,NA
E07000220,Central,NA,NA,NA,4058,3.732,3390,4821,NA,0.25,11.7,NA,9.2,NA,3.2,4.5,NA,NA,NA,NA,615752.5,NA,516055,698460,8802,0.3305084745762712,19.6,NA,11.1,NA,3.8,5.2,NA
E07000221,Central,NA,NA,NA,5595,2.583,4910,4387,NA,0.13333333333333333,NA,NA,10.2,NA,3.8,3.4,NA,NA,NA,NA,615752.5,NA,516055,698460,8802,0.3305084745762712,19.6,NA,11.1,NA,3.8,5.2,NA
E07000222,Central,NA,NA,NA,5369,2.335,4940,4402,1,0.06666666666666667,9.2,NA,8.6,NA,3.5,3.1,NA,NA,NA,NA,615752.5,NA,516055,698460,8802,0.3305084745762712,19.6,NA,11.1,NA,3.8,5.2,NA
E07000223,South East,NA,NA,NA,2234,0.933,2620,2947,5,0,NA,NA,7.7,NA,4.1,4.6,NA,NA,NA,NA,362806,NA,404735,466942,1253,0.009569377990430622,13.6,NA,8.3,NA,3.9,4.5,NA
E07000224,South East,NA,NA,NA,5678,3.105,8190,6865,2,0,NA,NA,7.9,NA,5.1,4.3,NA,NA,NA,NA,362806,NA,404735,466942,1253,0.009569377990430622,13.6,NA,8.3,NA,3.9,4.5,NA
E07000225,South East,NA,NA,NA,5056,0.72,5465,4356,14,0,NA,NA,9.5,NA,4.5,3.6,NA,NA,NA,NA,362806,NA,404735,466942,1253,0.009569377990430622,13.6,NA,8.3,NA,3.9,4.5,NA
E07000226,South East,NA,NA,NA,3043,4.434,3970,6676,2,0,25,NA,6.6,NA,3.5,5.9,NA,NA,NA,NA,362806,NA,404735,466942,1253,0.009569377990430622,13.6,NA,8.3,NA,3.9,4.5,NA
E07000227,South East,NA,NA,NA,4258,1.498,4980,4146,1,0,6.4,NA,7.2,NA,3.5,2.9,NA,NA,NA,NA,362806,NA,404735,466942,1253,0.009569377990430622,13.6,NA,8.3,NA,3.9,4.5,NA
E07000228,South East,NA,NA,NA,3988,0.654,5295,4018,1,0,NA,NA,6.5,NA,3.5,2.7,NA,NA,NA,NA,362806,NA,404735,466942,1253,0.009569377990430622,13.6,NA,8.3,NA,3.9,4.5,NA
E07000229,South East,NA,NA,NA,3957,1.104,3935,4936,NA,0,8.8,NA,7.9,NA,3.6,4.5,NA,NA,NA,NA,362806,NA,404735,466942,1253,0.009569377990430622,13.6,NA,8.3,NA,3.9,4.5,NA
E07000234,Central,NA,NA,NA,3383,1.675,3210,3279,NA,0.14285714285714285,5.7,NA,8.4,NA,3.3,3.3,NA,NA,NA,NA,615752.5,NA,516055,698460,8802,0.3305084745762712,19.6,NA,11.1,NA,3.8,5.2,NA
E07000235,Central,NA,NA,NA,4150,1.113,2750,2725,NA,0.18181818181818182,NA,NA,12.2,NA,3.5,3.5,NA,NA,NA,NA,615752.5,NA,516055,698460,8802,0.3305084745762712,19.6,NA,11.1,NA,3.8,5.2,NA
E07000236,Central,NA,NA,NA,3058,3.23,2800,4664,6,0.23076923076923078,NA,NA,8.3,NA,3.3,5.5,NA,NA,NA,NA,615752.5,NA,516055,698460,8802,0.3305084745762712,19.6,NA,11.1,NA,3.8,5.2,NA
E07000237,Central,NA,NA,NA,4392,3.6,2905,4756,NA,0.21428571428571427,6.8,NA,9.9,NA,2.9,4.7,NA,NA,NA,NA,615752.5,NA,516055,698460,8802,0.3305084745762712,19.6,NA,11.1,NA,3.8,5.2,NA
E07000238,Central,NA,NA,NA,5416,2.489,4750,4576,NA,0.3157894736842105,NA,NA,10.3,NA,3.7,3.6,NA,NA,NA,NA,615752.5,NA,516055,698460,8802,0.3305084745762712,19.6,NA,11.1,NA,3.8,5.2,NA
E07000239,Central,NA,NA,NA,4746,3.657,3525,4881,2,0.5,NA,NA,10.4,NA,3.5,4.8,NA,NA,NA,NA,615752.5,NA,516055,698460,8802,0.3305084745762712,19.6,NA,11.1,NA,3.8,5.2,NA
E07000240,South East,NA,NA,NA,4114,2.177,4170,4514,10,0,15.5,NA,6.9,NA,2.8,3.1,NA,NA,NA,NA,362806,NA,404735,466942,1253,0.009569377990430622,13.6,NA,8.3,NA,3.9,4.5,NA
E07000241,South East,NA,NA,NA,3875,3.389,9075,5092,12,0,15.3,NA,8.3,NA,7.4,4.1,NA,NA,NA,NA,362806,NA,404735,466942,1253,0.009569377990430622,13.6,NA,8.3,NA,3.9,4.5,NA
E07000242,South East,NA,NA,NA,4397,0.915,5700,4526,NA,0,NA,NA,7.3,NA,3.8,3.1,NA,NA,NA,NA,362806,NA,404735,466942,1253,0.009569377990430622,13.6,NA,8.3,NA,3.9,4.5,NA
E07000243,South East,NA,NA,NA,2746,1.61,3005,4469,NA,0,13.3,NA,7.4,NA,3.4,5.1,NA,NA,NA,NA,362806,NA,404735,466942,1253,0.009569377990430622,13.6,NA,8.3,NA,3.9,4.5,NA
E08000001,North,NA,NA,421.14,14433,1.751,15885,19509,938,0.2571428571428571,27.8,NA,11.9,NA,5.6,6.8,NA,NA,NA,NA,716982,NA,696460,910658,20150,0.22722513089005236,12.6,NA,11,NA,4.6,6,NA
E08000002,North,NA,NA,433.01,8662,2.736,9665,10871,432,0,13.7,NA,10.6,NA,5.1,5.7,NA,NA,NA,NA,716982,NA,696460,910658,20150,0.22722513089005236,12.6,NA,11,NA,4.6,6,NA
E08000003,North,NA,NA,351.99,33216,5.222,19440,47602,904,0,37,NA,15.5,NA,3.5,8.7,NA,NA,NA,NA,716982,NA,696460,910658,20150,0.22722513089005236,12.6,NA,11,NA,4.6,6,NA
E08000004,North,NA,NA,519.17,11023,1.016,9925,20986,702,0.24242424242424243,27.2,NA,11.7,NA,4.2,8.9,NA,NA,NA,NA,716982,NA,696460,910658,20150,0.22722513089005236,12.6,NA,11,NA,4.6,6,NA
E08000005,North,NA,NA,478.84,11200,3.024,8265,16834,849,0.04,26.2,NA,12.2,NA,3.8,7.7,NA,NA,NA,NA,716982,NA,696460,910658,20150,0.22722513089005236,12.6,NA,11,NA,4.6,6,NA
E08000006,North,NA,NA,413.01,12171,3.759,11610,18187,794,0.13333333333333333,14,NA,11.2,NA,4.6,7.1,NA,NA,NA,NA,716982,NA,696460,910658,20150,0.22722513089005236,12.6,NA,11,NA,4.6,6,NA
E08000007,North,NA,NA,309.11,12564,1.592,11390,12936,152,0.023809523809523808,8.2,NA,9.8,NA,3.9,4.4,NA,NA,NA,NA,716982,NA,696460,910658,20150,0.22722513089005236,12.6,NA,11,NA,4.6,6,NA
E08000008,North,NA,NA,369.11,10601,2.102,9770,15990,544,0.1,11.8,NA,10.7,NA,4.3,7.1,NA,NA,NA,NA,716982,NA,696460,910658,20150,0.22722513089005236,12.6,NA,11,NA,4.6,6,NA
E08000009,North,NA,NA,307.14,10327,1.622,9075,10418,89,0,17.3,NA,10.4,NA,3.8,4.4,NA,NA,NA,NA,716982,NA,696460,910658,20150,0.22722513089005236,12.6,NA,11,NA,4.6,6,NA
E08000010,North,NA,NA,403.15,15394,1.394,14280,19770,873,0.15,3.6,NA,10.8,NA,4.4,6.1,NA,NA,NA,NA,716982,NA,696460,910658,20150,0.22722513089005236,12.6,NA,11,NA,4.6,6,NA
E08000011,North,NA,NA,247.91,8194,1.653,9360,11952,157,0.4,2.8,NA,12.7,NA,6.3,8,NA,NA,NA,NA,716982,NA,696460,910658,20150,0.22722513089005236,12.6,NA,11,NA,4.6,6,NA
E08000012,North,NA,NA,255.6,33672,1.321,46320,38347,1483,0.3770491803278688,11.5,NA,15.6,NA,9.4,7.7,NA,NA,NA,NA,716982,NA,696460,910658,20150,0.22722513089005236,12.6,NA,11,NA,4.6,6,NA
E08000013,North,NA,NA,268.57,9009,1.324,12720,11400,181,0.043478260869565216,2,NA,11.3,NA,7.1,6.3,NA,NA,NA,NA,716982,NA,696460,910658,20150,0.22722513089005236,12.6,NA,11,NA,4.6,6,NA
E08000014,North,NA,NA,254.33,15481,0.692,22375,16895,180,0.10526315789473684,3.3,NA,12.5,NA,8.1,6.1,NA,NA,NA,NA,716982,NA,696460,910658,20150,0.22722513089005236,12.6,NA,11,NA,4.6,6,NA
E08000015,North,NA,NA,166.66,17986,0.56,15505,19297,217,0.09523809523809523,3.2,NA,12.2,NA,4.8,6,NA,NA,NA,NA,716982,NA,696460,910658,20150,0.22722513089005236,12.6,NA,11,NA,4.6,6,NA
E08000016,North,NA,NA,372.67,10266,0.163,12520,16444,396,0.43333333333333335,2.6,NA,9.7,NA,5.1,6.7,NA,NA,NA,NA,716982,NA,696460,910658,20150,0.22722513089005236,12.6,NA,11,NA,4.6,6,NA
E08000017,North,NA,NA,336.02,12728,1.97,15545,21332,266,0.48717948717948717,5.7,NA,9.6,NA,5,6.9,NA,NA,NA,NA,716982,NA,696460,910658,20150,0.22722513089005236,12.6,NA,11,NA,4.6,6,NA
E08000018,North,NA,NA,354.92,10814,0.858,11460,16522,413,0.36363636363636365,5.7,NA,9.5,NA,4.3,6.2,NA,NA,NA,NA,716982,NA,696460,910658,20150,0.22722513089005236,12.6,NA,11,NA,4.6,6,NA
E08000019,North,NA,NA,266.22,25121,1.877,21870,28538,878,0.5142857142857142,16.5,NA,10.4,NA,3.8,4.9,NA,NA,NA,NA,716982,NA,696460,910658,20150,0.22722513089005236,12.6,NA,11,NA,4.6,6,NA
E08000021,North,NA,NA,435.24,12935,1.586,10625,23615,856,0.5172413793103449,17.3,NA,10.6,NA,3.5,7.9,NA,NA,NA,NA,716982,NA,696460,910658,20150,0.22722513089005236,12.6,NA,11,NA,4.6,6,NA
E08000022,North,NA,NA,418.44,7286,1.753,9680,11186,230,0.43333333333333335,4.7,NA,7.6,NA,4.7,5.4,NA,NA,NA,NA,716982,NA,696460,910658,20150,0.22722513089005236,12.6,NA,11,NA,4.6,6,NA
E08000023,North,NA,NA,406.02,6139,1.899,7070,11215,246,0.6956521739130435,3.9,NA,8.7,NA,4.7,7.5,NA,NA,NA,NA,716982,NA,696460,910658,20150,0.22722513089005236,12.6,NA,11,NA,4.6,6,NA
E08000024,North,NA,NA,393.94,11533,0.603,12195,19398,346,0.6944444444444444,3.3,NA,9.2,NA,4.4,7,NA,NA,NA,NA,716982,NA,696460,910658,20150,0.22722513089005236,12.6,NA,11,NA,4.6,6,NA
E08000025,Central,NA,NA,364.07,61560,8.25,35255,101660,1679,0.5,47.7,NA,14.2,NA,3.1,8.9,NA,NA,NA,NA,615752.5,NA,516055,698460,8802,0.3305084745762712,19.6,NA,11.1,NA,3.8,5.2,NA
E08000026,Central,NA,NA,270.24,16512,4.16,13705,20654,613,0.5952380952380952,31.5,NA,12.1,NA,3.7,5.6,NA,NA,NA,NA,615752.5,NA,516055,698460,8802,0.3305084745762712,19.6,NA,11.1,NA,3.8,5.2,NA
E08000027,Central,NA,NA,537.01,14565,0.492,12400,19966,250,0.813953488372093,9.1,NA,10.6,NA,3.9,6.2,NA,NA,NA,NA,615752.5,NA,516055,698460,8802,0.3305084745762712,19.6,NA,11.1,NA,3.8,5.2,NA
E08000028,Central,NA,NA,478,15377,4.257,12730,24661,927,0.9473684210526315,39,NA,12,NA,3.9,7.5,NA,NA,NA,NA,615752.5,NA,516055,698460,8802,0.3305084745762712,19.6,NA,11.1,NA,3.8,5.2,NA
E08000029,Central,NA,NA,301.33,7428,4.674,7090,10049,NA,0.4482758620689655,15,NA,8.2,NA,3.3,4.7,NA,NA,NA,NA,615752.5,NA,516055,698460,8802,0.3305084745762712,19.6,NA,11.1,NA,3.8,5.2,NA
E08000030,Central,NA,NA,386.37,13510,2.579,10470,20200,461,0.9487179487179487,22.1,NA,11.8,NA,3.7,7.1,NA,NA,NA,NA,615752.5,NA,516055,698460,8802,0.3305084745762712,19.6,NA,11.1,NA,3.8,5.2,NA
E08000031,Central,NA,NA,353.51,13733,3.97,8720,22310,828,0.7878787878787878,32.9,NA,12.7,NA,3.3,8.5,NA,NA,NA,NA,615752.5,NA,516055,698460,8802,0.3305084745762712,19.6,NA,11.1,NA,3.8,5.2,NA
E08000032,North,NA,NA,494.83,25934,1.97,25435,40810,1170,0.19672131147540983,36.1,NA,12.4,NA,4.7,7.6,NA,NA,NA,NA,716982,NA,696460,910658,20150,0.22722513089005236,12.6,NA,11,NA,4.6,6,NA
E08000033,North,NA,NA,472.91,9448,0.563,8395,13884,356,0.037037037037037035,9.7,NA,10.2,NA,4,6.6,NA,NA,NA,NA,716982,NA,696460,910658,20150,0.22722513089005236,12.6,NA,11,NA,4.6,6,NA
E08000034,North,NA,NA,538.67,19294,2.626,18105,25950,754,0.1016949152542373,20.7,NA,10.6,NA,4.1,5.9,NA,NA,NA,NA,716982,NA,696460,910658,20150,0.22722513089005236,12.6,NA,11,NA,4.6,6,NA
E08000035,North,NA,NA,413.42,34657,1.149,38375,42884,848,0.1308411214953271,15.3,NA,10.3,NA,4.9,5.4,NA,NA,NA,NA,716982,NA,696460,910658,20150,0.22722513089005236,12.6,NA,11,NA,4.6,6,NA
E08000036,North,NA,NA,451.61,12915,1.552,13515,17517,274,0.3333333333333333,6,NA,8.8,NA,3.9,5.1,NA,NA,NA,NA,716982,NA,696460,910658,20150,0.22722513089005236,12.6,NA,11,NA,4.6,6,NA
E08000037,North,NA,NA,386.53,8047,2.471,8780,13777,576,0.4074074074074074,6,NA,8.6,NA,4.3,6.8,NA,NA,NA,NA,716982,NA,696460,910658,20150,0.22722513089005236,12.6,NA,11,NA,4.6,6,NA
E09000002,London,NA,NA,240.01,9008,8.749,8140,18354,751,0,52.4,NA,12.3,NA,3.8,8.7,NA,NA,NA,NA,391924,NA,323660,586292,6632,0.006103763987792472,40.3,NA,11.4,NA,3.6,6.6,NA
E09000001,London,NA,NA,163.66,250,4.681,236,242,NA,0,NA,NA,5.5,NA,2.7,2.8,NA,NA,NA,NA,391924,NA,323660,586292,6632,0.006103763987792472,40.3,NA,11.4,NA,3.6,6.6,NA
E09000003,London,NA,NA,174.05,16766,3.456,12555,22679,137,0,35.3,NA,11.8,NA,3.2,5.8,NA,NA,NA,NA,391924,NA,323660,586292,6632,0.006103763987792472,40.3,NA,11.4,NA,3.6,6.6,NA
E09000004,London,NA,NA,271.86,8783,5.12,10375,11175,85,0.07142857142857142,20.2,NA,9,NA,4.2,4.5,NA,NA,NA,NA,391924,NA,323660,586292,6632,0.006103763987792472,40.3,NA,11.4,NA,3.6,6.6,NA
E09000005,London,NA,NA,205.6,15783,5.236,17160,25763,194,0,63.4,NA,13.7,NA,5.2,7.8,NA,NA,NA,NA,391924,NA,323660,586292,6632,0.006103763987792472,40.3,NA,11.4,NA,3.6,6.6,NA
E09000006,London,NA,NA,154.96,11746,5.016,12255,13648,41,0,22.4,NA,8.6,NA,3.7,4.1,NA,NA,NA,NA,391924,NA,323660,586292,6632,0.006103763987792472,40.3,NA,11.4,NA,3.6,6.6,NA
E09000007,London,NA,NA,133.32,12193,0.713,6885,12443,22,0,39.8,NA,11.9,NA,2.6,4.7,NA,NA,NA,NA,391924,NA,323660,586292,6632,0.006103763987792472,40.3,NA,11.4,NA,3.6,6.6,NA
E09000008,London,NA,NA,156.45,17108,6.159,13320,31697,264,0.06818181818181818,41.5,NA,11.2,NA,3.5,8.2,NA,NA,NA,NA,391924,NA,323660,586292,6632,0.006103763987792472,40.3,NA,11.4,NA,3.6,6.6,NA
E09000009,London,NA,NA,252.48,16464,5.591,20440,25913,502,0,51.3,NA,12.6,NA,6,7.6,NA,NA,NA,NA,391924,NA,323660,586292,6632,0.006103763987792472,40.3,NA,11.4,NA,3.6,6.6,NA
E09000010,London,NA,NA,210.31,15911,7.897,9805,25424,377,0,38.9,NA,12.7,NA,2.9,7.6,NA,NA,NA,NA,391924,NA,323660,586292,6632,0.006103763987792472,40.3,NA,11.4,NA,3.6,6.6,NA
E09000011,London,NA,NA,176.08,11798,4.862,8550,18859,241,0,40.2,NA,11.1,NA,3,6.6,NA,NA,NA,NA,391924,NA,323660,586292,6632,0.006103763987792472,40.3,NA,11.4,NA,3.6,6.6,NA
E09000012,London,NA,NA,163.66,12980,8.322,7584,20388,44,0,43.7,NA,12.2,NA,2.7,7.3,NA,NA,NA,NA,391924,NA,323660,586292,6632,0.006103763987792472,40.3,NA,11.4,NA,3.6,6.6,NA
E09000013,London,NA,NA,207.95,9585,4.269,8410,13239,14,0,30.8,NA,11.3,NA,4.5,7.1,NA,NA,NA,NA,391924,NA,323660,586292,6632,0.006103763987792472,40.3,NA,11.4,NA,3.6,6.6,NA
E09000014,London,NA,NA,140.71,15393,5.2,9060,22397,198,0,33.2,NA,14.4,NA,3.3,8.3,NA,NA,NA,NA,391924,NA,323660,586292,6632,0.006103763987792472,40.3,NA,11.4,NA,3.6,6.6,NA
E09000015,London,NA,NA,183.55,10364,4.914,10970,13901,130,0,55.8,NA,11.7,NA,4.4,5.6,NA,NA,NA,NA,391924,NA,323660,586292,6632,0.006103763987792472,40.3,NA,11.4,NA,3.6,6.6,NA
E09000016,London,NA,NA,357.15,9200,3.405,9385,13136,337,0,22.7,NA,9,NA,3.6,5.1,NA,NA,NA,NA,391924,NA,323660,586292,6632,0.006103763987792472,40.3,NA,11.4,NA,3.6,6.6,NA
E09000017,London,NA,NA,230.06,10663,2.712,15130,16987,554,0,55.1,NA,10.1,NA,5,5.6,NA,NA,NA,NA,391924,NA,323660,586292,6632,0.006103763987792472,40.3,NA,11.4,NA,3.6,6.6,NA
E09000018,London,NA,NA,183.78,11494,3.911,21225,22537,414,0,47.6,NA,11.6,NA,7.8,8.3,NA,NA,NA,NA,391924,NA,323660,586292,6632,0.006103763987792472,40.3,NA,11.4,NA,3.6,6.6,NA
E09000019,London,NA,NA,159.61,10763,3.219,6760,15218,30,0,35.1,NA,11,NA,2.8,6.4,NA,NA,NA,NA,391924,NA,323660,586292,6632,0.006103763987792472,40.3,NA,11.4,NA,3.6,6.6,NA
E09000020,London,NA,NA,140.91,10208,7.566,5635,7155,13,0.047619047619047616,30.2,NA,12.4,NA,3.6,4.6,NA,NA,NA,NA,391924,NA,323660,586292,6632,0.006103763987792472,40.3,NA,11.4,NA,3.6,6.6,NA
E09000021,London,NA,NA,184.22,6955,3.187,5520,7287,25,0,25.2,NA,10.4,NA,3.1,4.2,NA,NA,NA,NA,391924,NA,323660,586292,6632,0.006103763987792472,40.3,NA,11.4,NA,3.6,6.6,NA
E09000022,London,NA,NA,151.21,15209,3.669,9190,23822,49,0,37.5,NA,11.2,NA,2.8,7.3,NA,NA,NA,NA,391924,NA,323660,586292,6632,0.006103763987792472,40.3,NA,11.4,NA,3.6,6.6,NA
E09000023,London,NA,NA,125.88,14739,5.603,9755,23333,70,0,37,NA,12.1,NA,3.2,7.7,NA,NA,NA,NA,391924,NA,323660,586292,6632,0.006103763987792472,40.3,NA,11.4,NA,3.6,6.6,NA
E09000024,London,NA,NA,168,9282,1.581,6385,12319,75,0,41.1,NA,11.2,NA,3.1,6,NA,NA,NA,NA,391924,NA,323660,586292,6632,0.006103763987792472,40.3,NA,11.4,NA,3.6,6.6,NA
E09000025,London,NA,NA,199.36,17205,11.082,12105,30269,881,0,65.5,NA,16.1,NA,3.4,8.6,NA,NA,NA,NA,391924,NA,323660,586292,6632,0.006103763987792472,40.3,NA,11.4,NA,3.6,6.6,NA
E09000026,London,NA,NA,263.09,13172,4.648,9065,19619,584,0,54,NA,12.7,NA,3,6.5,NA,NA,NA,NA,391924,NA,323660,586292,6632,0.006103763987792472,40.3,NA,11.4,NA,3.6,6.6,NA
E09000027,London,NA,NA,119.69,8280,2.562,6970,6724,20,0,16.5,NA,9.9,NA,3.5,3.4,NA,NA,NA,NA,391924,NA,323660,586292,6632,0.006103763987792472,40.3,NA,11.4,NA,3.6,6.6,NA
E09000028,London,NA,NA,117.62,12426,5.932,10665,25616,238,0,43.3,NA,9.9,NA,3.4,8.1,NA,NA,NA,NA,391924,NA,323660,586292,6632,0.006103763987792472,40.3,NA,11.4,NA,3.6,6.6,NA
E09000029,London,NA,NA,178.34,6897,3.515,7060,11415,19,0,23.4,NA,8.4,NA,3.5,5.6,NA,NA,NA,NA,391924,NA,323660,586292,6632,0.006103763987792472,40.3,NA,11.4,NA,3.6,6.6,NA
E09000030,London,NA,NA,254.35,10118,3.869,8120,26323,40,0,55,NA,9.5,NA,2.6,8.3,NA,NA,NA,NA,391924,NA,323660,586292,6632,0.006103763987792472,40.3,NA,11.4,NA,3.6,6.6,NA
E09000031,London,NA,NA,215.18,14437,8.219,7770,21237,227,0,34.7,NA,14.2,NA,2.8,7.7,NA,NA,NA,NA,391924,NA,323660,586292,6632,0.006103763987792472,40.3,NA,11.4,NA,3.6,6.6,NA
E09000032,London,NA,NA,175.93,13765,6.187,8845,15562,25,0,21.6,NA,10.1,NA,2.7,4.8,NA,NA,NA,NA,391924,NA,323660,586292,6632,0.006103763987792472,40.3,NA,11.4,NA,3.6,6.6,NA
E09000033,London,NA,NA,151.92,12979,4.482,8330,11611,31,0,41.5,NA,11.7,NA,3.3,4.5,NA,NA,NA,NA,391924,NA,323660,586292,6632,0.006103763987792472,40.3,NA,11.4,NA,3.6,6.6,NA
S12000005,Scotland,NA,NA,NA,NA,NA,NA,3553,NA,0.16666666666666666,2.9,NA,NA,NA,NA,6.9,NA,NA,NA,NA,NA,NA,NA,296105,3844,0.3424550430023456,6.9,NA,NA,NA,NA,5.4,NA
S12000006,Scotland,NA,NA,NA,NA,NA,NA,6976,NA,0.65,1.2,NA,NA,NA,NA,4.7,NA,NA,NA,NA,NA,NA,NA,296105,3844,0.3424550430023456,6.9,NA,NA,NA,NA,5.4,NA
S12000008,Scotland,NA,NA,NA,NA,NA,NA,9088,2,0.6,NA,NA,NA,NA,NA,7.4,NA,NA,NA,NA,NA,NA,NA,296105,3844,0.3424550430023456,6.9,NA,NA,NA,NA,5.4,NA
S12000010,Scotland,NA,NA,NA,NA,NA,NA,5731,NA,0,2.1,NA,NA,NA,NA,5.4,NA,NA,NA,NA,NA,NA,NA,296105,3844,0.3424550430023456,6.9,NA,NA,NA,NA,5.4,NA
S12000011,Scotland,NA,NA,NA,NA,NA,NA,2779,NA,0.05,8.6,NA,NA,NA,NA,2.9,NA,NA,NA,NA,NA,NA,NA,296105,3844,0.3424550430023456,6.9,NA,NA,NA,NA,5.4,NA
S12000013,Scotland,NA,NA,NA,NA,NA,NA,916,NA,0.6666666666666666,NA,NA,NA,NA,NA,3.4,NA,NA,NA,NA,NA,NA,NA,296105,3844,0.3424550430023456,6.9,NA,NA,NA,NA,5.4,NA
S12000014,Scotland,NA,NA,NA,NA,NA,NA,8682,NA,0.40476190476190477,2.4,NA,NA,NA,NA,5.4,NA,NA,NA,NA,NA,NA,NA,296105,3844,0.3424550430023456,6.9,NA,NA,NA,NA,5.4,NA
S12000047,Scotland,NA,NA,NA,NA,NA,NA,22696,2,0.375,3.2,NA,NA,NA,NA,6.1,NA,NA,NA,NA,NA,NA,NA,296105,3844,0.3424550430023456,6.9,NA,NA,NA,NA,5.4,NA
S12000017,Scotland,NA,NA,NA,NA,NA,NA,11730,NA,0.23214285714285715,NA,NA,NA,NA,NA,5,NA,NA,NA,NA,NA,NA,NA,296105,3844,0.3424550430023456,6.9,NA,NA,NA,NA,5.4,NA
S12000018,Scotland,NA,NA,NA,NA,NA,NA,5885,NA,0.6470588235294118,NA,NA,NA,NA,NA,7.6,NA,NA,NA,NA,NA,NA,NA,296105,3844,0.3424550430023456,6.9,NA,NA,NA,NA,5.4,NA
S12000019,Scotland,NA,NA,NA,NA,NA,NA,5068,1,0.13636363636363635,5.1,NA,NA,NA,NA,5.5,NA,NA,NA,NA,NA,NA,NA,296105,3844,0.3424550430023456,6.9,NA,NA,NA,NA,5.4,NA
S12000020,Scotland,NA,NA,NA,NA,NA,NA,3665,NA,0.16666666666666666,NA,NA,NA,NA,NA,3.8,NA,NA,NA,NA,NA,NA,NA,296105,3844,0.3424550430023456,6.9,NA,NA,NA,NA,5.4,NA
S12000021,Scotland,NA,NA,NA,NA,NA,NA,10490,NA,0.5263157894736842,NA,NA,NA,NA,NA,7.8,NA,NA,NA,NA,NA,NA,NA,296105,3844,0.3424550430023456,6.9,NA,NA,NA,NA,5.4,NA
S12000023,Scotland,NA,NA,NA,NA,NA,NA,594,NA,0.16666666666666666,NA,NA,NA,NA,NA,2.7,NA,NA,NA,NA,NA,NA,NA,296105,3844,0.3424550430023456,6.9,NA,NA,NA,NA,5.4,NA
S12000048,Scotland,NA,NA,NA,NA,NA,NA,6059,3,0.17142857142857143,1.9,NA,NA,NA,NA,4,NA,NA,NA,NA,NA,NA,NA,296105,3844,0.3424550430023456,6.9,NA,NA,NA,NA,5.4,NA
S12000026,Scotland,NA,NA,NA,NA,NA,NA,4936,NA,0.36666666666666664,1.7,NA,NA,NA,NA,4.3,NA,NA,NA,NA,NA,NA,NA,296105,3844,0.3424550430023456,6.9,NA,NA,NA,NA,5.4,NA
S12000027,Scotland,NA,NA,NA,NA,NA,NA,670,NA,0.14285714285714285,NA,NA,NA,NA,NA,2.9,NA,NA,NA,NA,NA,NA,NA,296105,3844,0.3424550430023456,6.9,NA,NA,NA,NA,5.4,NA
S12000028,Scotland,NA,NA,NA,NA,NA,NA,6693,1,0.44,2.1,NA,NA,NA,NA,5.9,NA,NA,NA,NA,NA,NA,NA,296105,3844,0.3424550430023456,6.9,NA,NA,NA,NA,5.4,NA
S12000029,Scotland,NA,NA,NA,NA,NA,NA,19131,4,0.43902439024390244,2.7,NA,NA,NA,NA,6,NA,NA,NA,NA,NA,NA,NA,296105,3844,0.3424550430023456,6.9,NA,NA,NA,NA,5.4,NA
S12000030,Scotland,NA,NA,NA,NA,NA,NA,4276,NA,0.20833333333333334,3.6,NA,NA,NA,NA,4.5,NA,NA,NA,NA,NA,NA,NA,296105,3844,0.3424550430023456,6.9,NA,NA,NA,NA,5.4,NA
S12000033,Scotland,NA,NA,NA,NA,NA,NA,10192,NA,0.1836734693877551,15.2,NA,NA,NA,NA,4.5,NA,NA,NA,NA,NA,NA,NA,296105,3844,0.3424550430023456,6.9,NA,NA,NA,NA,5.4,NA
S12000034,Scotland,NA,NA,NA,NA,NA,NA,7970,NA,0.13559322033898305,3.2,NA,NA,NA,NA,3.1,NA,NA,NA,NA,NA,NA,NA,296105,3844,0.3424550430023456,6.9,NA,NA,NA,NA,5.4,NA
S12000035,Scotland,NA,NA,NA,NA,NA,NA,3663,NA,0.34782608695652173,NA,NA,NA,NA,NA,4.3,NA,NA,NA,NA,NA,NA,NA,296105,3844,0.3424550430023456,6.9,NA,NA,NA,NA,5.4,NA
S12000036,Scotland,NA,NA,NA,NA,NA,NA,21026,19,0.05405405405405406,12,NA,NA,NA,NA,4,NA,NA,NA,NA,NA,NA,NA,296105,3844,0.3424550430023456,6.9,NA,NA,NA,NA,5.4,NA
S12000038,Scotland,NA,NA,NA,NA,NA,NA,9404,5,0.3684210526315789,3.9,NA,NA,NA,NA,5.3,NA,NA,NA,NA,NA,NA,NA,296105,3844,0.3424550430023456,6.9,NA,NA,NA,NA,5.4,NA
S12000039,Scotland,NA,NA,NA,NA,NA,NA,5800,NA,0.7222222222222222,1.8,NA,NA,NA,NA,6.5,NA,NA,NA,NA,NA,NA,NA,296105,3844,0.3424550430023456,6.9,NA,NA,NA,NA,5.4,NA
S12000040,Scotland,NA,NA,NA,NA,NA,NA,9600,NA,0.2702702702702703,2.7,NA,NA,NA,NA,5.2,NA,NA,NA,NA,NA,NA,NA,296105,3844,0.3424550430023456,6.9,NA,NA,NA,NA,5.4,NA
S12000041,Scotland,NA,NA,NA,NA,NA,NA,5855,NA,0.4230769230769231,1.6,NA,NA,NA,NA,5,NA,NA,NA,NA,NA,NA,NA,296105,3844,0.3424550430023456,6.9,NA,NA,NA,NA,5.4,NA
S12000042,Scotland,NA,NA,NA,NA,NA,NA,10697,2,0.45161290322580644,8.2,NA,NA,NA,NA,7.2,NA,NA,NA,NA,NA,NA,NA,296105,3844,0.3424550430023456,6.9,NA,NA,NA,NA,5.4,NA
S12000050,Scotland,NA,NA,NA,NA,NA,NA,22062,7,0.5897435897435898,NA,NA,NA,NA,NA,6.5,NA,NA,NA,NA,NA,NA,NA,296105,3844,0.3424550430023456,6.9,NA,NA,NA,NA,5.4,NA
S12000045,Scotland,NA,NA,NA,NA,NA,NA,3943,NA,0.07142857142857142,5.7,NA,NA,NA,NA,3.6,NA,NA,NA,NA,NA,NA,NA,296105,3844,0.3424550430023456,6.9,NA,NA,NA,NA,5.4,NA
S12000049,Scotland,NA,NA,NA,NA,NA,NA,46275,3798,0.4852941176470588,16.4,NA,NA,NA,NA,7.3,NA,NA,NA,NA,NA,NA,NA,296105,3844,0.3424550430023456,6.9,NA,NA,NA,NA,5.4,NA
W06000001,Wales,NA,NA,NA,NA,NA,NA,3145,NA,0.3333333333333333,NA,NA,NA,NA,NA,4.5,NA,NA,NA,NA,NA,NA,NA,168284,2987,0.5414634146341464,6.1,NA,NA,NA,NA,5.4,NA
W06000002,Wales,NA,NA,NA,NA,NA,NA,5105,NA,0.7647058823529411,3.6,NA,NA,NA,NA,4.1,NA,NA,NA,NA,NA,NA,NA,168284,2987,0.5414634146341464,6.1,NA,NA,NA,NA,5.4,NA
W06000003,Wales,NA,NA,NA,NA,NA,NA,5946,6,0.26666666666666666,3.2,NA,NA,NA,NA,5.1,NA,NA,NA,NA,NA,NA,NA,168284,2987,0.5414634146341464,6.1,NA,NA,NA,NA,5.4,NA
W06000004,Wales,NA,NA,NA,NA,NA,NA,5526,NA,0.6,4.4,NA,NA,NA,NA,5.8,NA,NA,NA,NA,NA,NA,NA,168284,2987,0.5414634146341464,6.1,NA,NA,NA,NA,5.4,NA
W06000005,Wales,NA,NA,NA,NA,NA,NA,7636,NA,0.3,1.6,NA,NA,NA,NA,4.9,NA,NA,NA,NA,NA,NA,NA,168284,2987,0.5414634146341464,6.1,NA,NA,NA,NA,5.4,NA
W06000006,Wales,NA,NA,NA,NA,NA,NA,7736,141,0.4444444444444444,2.2,NA,NA,NA,NA,5.7,NA,NA,NA,NA,NA,NA,NA,168284,2987,0.5414634146341464,6.1,NA,NA,NA,NA,5.4,NA
W06000008,Wales,NA,NA,NA,NA,NA,NA,2674,NA,0.5555555555555556,2.1,NA,NA,NA,NA,3.7,NA,NA,NA,NA,NA,NA,NA,168284,2987,0.5414634146341464,6.1,NA,NA,NA,NA,5.4,NA
W06000009,Wales,NA,NA,NA,NA,NA,NA,5880,NA,0.6875,2,NA,NA,NA,NA,4.7,NA,NA,NA,NA,NA,NA,NA,168284,2987,0.5414634146341464,6.1,NA,NA,NA,NA,5.4,NA
W06000010,Wales,NA,NA,NA,NA,NA,NA,8385,NA,0.48,3.4,NA,NA,NA,NA,4.5,NA,NA,NA,NA,NA,NA,NA,168284,2987,0.5414634146341464,6.1,NA,NA,NA,NA,5.4,NA
W06000011,Wales,NA,NA,NA,NA,NA,NA,14112,863,0.6774193548387096,10.9,NA,NA,NA,NA,5.7,NA,NA,NA,NA,NA,NA,NA,168284,2987,0.5414634146341464,6.1,NA,NA,NA,NA,5.4,NA
W06000012,Wales,NA,NA,NA,NA,NA,NA,8948,NA,1,3,NA,NA,NA,NA,6.3,NA,NA,NA,NA,NA,NA,NA,168284,2987,0.5414634146341464,6.1,NA,NA,NA,NA,5.4,NA
W06000013,Wales,NA,NA,NA,NA,NA,NA,8003,NA,0.631578947368421,3.1,NA,NA,NA,NA,5.5,NA,NA,NA,NA,NA,NA,NA,168284,2987,0.5414634146341464,6.1,NA,NA,NA,NA,5.4,NA
W06000014,Wales,NA,NA,NA,NA,NA,NA,5803,3,0.06666666666666667,3.5,NA,NA,NA,NA,4.4,NA,NA,NA,NA,NA,NA,NA,168284,2987,0.5414634146341464,6.1,NA,NA,NA,NA,5.4,NA
W06000015,Wales,NA,NA,NA,NA,NA,NA,22205,1503,0.25,20.8,NA,NA,NA,NA,6.1,NA,NA,NA,NA,NA,NA,NA,168284,2987,0.5414634146341464,6.1,NA,NA,NA,NA,5.4,NA
W06000016,Wales,NA,NA,NA,NA,NA,NA,13538,2,0.8709677419354839,2.8,NA,NA,NA,NA,5.6,NA,NA,NA,NA,NA,NA,NA,168284,2987,0.5414634146341464,6.1,NA,NA,NA,NA,5.4,NA
W06000018,Wales,NA,NA,NA,NA,NA,NA,10071,NA,0.9166666666666666,1.9,NA,NA,NA,NA,5.6,NA,NA,NA,NA,NA,NA,NA,168284,2987,0.5414634146341464,6.1,NA,NA,NA,NA,5.4,NA
W06000019,Wales,NA,NA,NA,NA,NA,NA,4736,NA,1,2.3,NA,NA,NA,NA,6.8,NA,NA,NA,NA,NA,NA,NA,168284,2987,0.5414634146341464,6.1,NA,NA,NA,NA,5.4,NA
W06000020,Wales,NA,NA,NA,NA,NA,NA,6301,NA,0.15384615384615385,3.7,NA,NA,NA,NA,6.8,NA,NA,NA,NA,NA,NA,NA,168284,2987,0.5414634146341464,6.1,NA,NA,NA,NA,5.4,NA
W06000021,Wales,NA,NA,NA,NA,NA,NA,3213,NA,0.18181818181818182,2.8,NA,NA,NA,NA,3.4,NA,NA,NA,NA,NA,NA,NA,168284,2987,0.5414634146341464,6.1,NA,NA,NA,NA,5.4,NA
W06000022,Wales,NA,NA,NA,NA,NA,NA,10656,467,0.45,13,NA,NA,NA,NA,7,NA,NA,NA,NA,NA,NA,NA,168284,2987,0.5414634146341464,6.1,NA,NA,NA,NA,5.4,NA
W06000023,Wales,NA,NA,NA,NA,NA,NA,4672,NA,0.42105263157894735,2.6,NA,NA,NA,NA,3.5,NA,NA,NA,NA,NA,NA,NA,168284,2987,0.5414634146341464,6.1,NA,NA,NA,NA,5.4,NA
W06000024,Wales,NA,NA,NA,NA,NA,NA,3993,2,1,2.5,NA,NA,NA,NA,6.6,NA,NA,NA,NA,NA,NA,NA,168284,2987,0.5414634146341464,6.1,NA,NA,NA,NA,5.4,NA
N09000001,Northern Ireland and the Isle of Man,NA,NA,NA,NA,NA,NA,NA,3,0.1388888888888889,NA,NA,NA,NA,NA,NA,NA,NA,NA,NA,NA,NA,NA,NA,852,0.09333333333333334,NaN,NA,NA,NA,NA,NA,NA
N09000002,Northern Ireland and the Isle of Man,NA,NA,NA,NA,NA,NA,NA,1,0.07777777777777778,NA,NA,NA,NA,NA,NA,NA,NA,NA,NA,NA,NA,NA,NA,852,0.09333333333333334,NaN,NA,NA,NA,NA,NA,NA
N09000003,Northern Ireland and the Isle of Man,NA,NA,NA,NA,NA,NA,NA,848,0.16666666666666666,NA,NA,NA,NA,NA,NA,NA,NA,NA,NA,NA,NA,NA,NA,852,0.09333333333333334,NaN,NA,NA,NA,NA,NA,NA
N09000004,Northern Ireland and the Isle of Man,NA,NA,NA,NA,NA,NA,NA,NA,0.08333333333333333,NA,NA,NA,NA,NA,NA,NA,NA,NA,NA,NA,NA,NA,NA,852,0.09333333333333334,NaN,NA,NA,NA,NA,NA,NA
N09000005,Northern Ireland and the Isle of Man,NA,NA,NA,NA,NA,NA,NA,NA,0.08,NA,NA,NA,NA,NA,NA,NA,NA,NA,NA,NA,NA,NA,NA,852,0.09333333333333334,NaN,NA,NA,NA,NA,NA,NA
N09000006,Northern Ireland and the Isle of Man,NA,NA,NA,NA,NA,NA,NA,NA,0.04081632653061224,NA,NA,NA,NA,NA,NA,NA,NA,NA,NA,NA,NA,NA,NA,852,0.09333333333333334,NaN,NA,NA,NA,NA,NA,NA
N09000007,Northern Ireland and the Isle of Man,NA,NA,NA,NA,NA,NA,NA,NA,0.04411764705882353,NA,NA,NA,NA,NA,NA,NA,NA,NA,NA,NA,NA,NA,NA,852,0.09333333333333334,NaN,NA,NA,NA,NA,NA,NA
N09000008,Northern Ireland and the Isle of Man,NA,NA,NA,NA,NA,NA,NA,NA,0.2153846153846154,NA,NA,NA,NA,NA,NA,NA,NA,NA,NA,NA,NA,NA,NA,852,0.09333333333333334,NaN,NA,NA,NA,NA,NA,NA
N09000009,Northern Ireland and the Isle of Man,NA,NA,NA,NA,NA,NA,NA,NA,0,NA,NA,NA,NA,NA,NA,NA,NA,NA,NA,NA,NA,NA,NA,852,0.09333333333333334,NaN,NA,NA,NA,NA,NA,NA
N09000010,Northern Ireland and the Isle of Man,NA,NA,NA,NA,NA,NA,NA,NA,0,NA,NA,NA,NA,NA,NA,NA,NA,NA,NA,NA,NA,NA,NA,852,0.09333333333333334,NaN,NA,NA,NA,NA,NA,NA
N09000011,Northern Ireland and the Isle of Man,NA,NA,NA,NA,NA,NA,NA,NA,0.06976744186046512,NA,NA,NA,NA,NA,NA,NA,NA,NA,NA,NA,NA,NA,NA,852,0.09333333333333334,NaN,NA,NA,NA,NA,NA,NA
